Location,Name,Date,ID
,ESWC 2012 North America,9/2/12,943
,SteelSeries GO 2012,8/25/12,958
,Go4CS:GO Cup #6,9/13/12,965
,CyberGamer Qualifier Cup #1 by Tt eSPORTS,9/13/12,966
,GDK SteelSeries GO #1,9/17/12,968
,ESWC 2012 France Pre-Qual. #1,9/18/12,970
,Go4CS:GO Cup #7,9/18/12,971
,DreamHack Valencia 2012,9/21/12,973
,CyberGamer Qualifier Cup #2 by IN WIN,9/21/12,974
,ESWC 2012 Nordic Qualifier,10/3/12,981
,ESL Pro Series Germany Winter Season 2012,10/2/12,982
,ESL Pro Series Germany Winter Season 2012,10/2/12,982
,CyberGamer Showmatch,10/2/12,983
,EMS Winter 2012 Portuguese Qualifier,10/3/12,984
,ESWC 2012 France Pre-Qual. #3,10/3/12,985
,ESWC 2012 German Qualifier,10/3/12,986
,ESWC 2012 UK Qualifier,10/4/12,988
,ESL Pro Series Poland Season 5,10/7/12,990
,Go4CS:GO Cup #14,10/9/12,992
,PGS 2012 CS:GO,10/13/12,993
,CyberGamer Invite League Season 1,11/7/12,998
,THOR Open Qualifier #3,10/21/12,999
,THOR Open Qualifier #3,10/21/12,999
,ESWC 2012,11/2/12,1003
,Insomnia XIV,10/27/12,1004
,Insomnia XIV,10/27/12,1004
,Eizo Challenge 2012,10/27/12,1005
,ESWC 2012 France,11/1/12,1007
,ESWC 2012 female,11/2/12,1008
,ESL Major Series Winter Season 2012,11/8/12,1009
,DreamHack Winter 2012 Danish Qual.,11/11/12,1011
,DreamHack Winter 2012 International Qual.,11/12/12,1012
,SLTV StarSeries IV,11/13/12,1013
,SLTV StarSeries IV,11/13/12,1013
,DreamHack Winter 2012 Swedish Qual.,11/14/12,1014
,ESEA Invite Season 12 Finals,11/18/12,1017
,ESEA Invite Season 12 Finals,11/18/12,1017
,THOR Open Qualifier #6,11/19/12,1019
,TNC CM Storm #1 Finals,11/18/12,1020
,DreamHack Winter 2012,11/22/12,1021
,Swedish Championship 2012 LAN qual #2,11/22/12,1022
,DreamHack Winter 2012 BYOC,11/23/12,1023
,THOR Open Qualifier #7,12/3/12,1024
,AMD Sapphire CS:GO Invitational,12/1/12,1025
,SteelSeries Finals,12/1/12,1026
,THOR Open Qualifier #8,12/2/12,1027
,RADEON Offensive by 99Damage,12/4/12,1029
,THOR Open 2012,12/8/12,1031
,ESEA Invite Season 13 Europe,12/10/12,1033
,ESEA Invite Season 13 Europe,12/10/12,1033
,NorthCon 2012,12/14/12,1034
,XLParty 2012,12/16/12,1035
,IEM Poland Qualifier #2,12/17/12,1036
,ESEA Invite Season 13 North America,12/17/12,1037
,IEM Poland International Qualifier,12/19/12,1038
,Showmatch CS:GO,12/27/12,1040
,Gaming.dk League by SteelSeries Season 5,1/8/13,1041
,LanTrek 2013,1/12/13,1042
,Swedish Championship 2013 Ume pre-qual #2,1/14/13,1044
,The Nordic Games #1 Finnish qualifier,1/16/13,1045
,Your road to Katowice 2013,1/20/13,1046
,RyuLAN 2013,1/20/13,1047
,The Nordic Games #1 Danish qualifier,1/20/13,1048
,Fnatic FragOut CS:GO League,1/27/13,1049
,The Nordic Games #1,1/27/13,1050
,Epsilan 10,2/3/13,1052
,ESPC CS:GO #1,2/9/13,1055
,SLTV StarSeries V,2/12/13,1056
,SLTV StarSeries V,2/12/13,1056
,Gaming.dk League by SteelSeries Season 5 Finals,2/14/13,1057
,RaidCall EMS One Spring 2013 Cup #1,2/13/13,1058
,The Nordic Games #2 Finnish qualifier,2/14/13,1059
,HKLAN 2013,2/15/13,1060
,ESL Pro Series Poland Season 5 Finals,2/17/13,1061
,KGB CM Storm 2013,2/17/13,1062
,IN League Season 1,3/6/13,1063
,The Nordic Games #2 Norwegian qualifier,2/17/13,1064
,The Nordic Games #2 Swedish qualifier,2/17/13,1066
,Mad Catz Vienna,2/23/13,1067
,ESL Pro Series Germany Spring Season 2013,2/19/13,1068
,ESL Pro Series Germany Spring Season 2013,2/19/13,1068
,The Nordic Games #2 Danish qualifier,2/20/13,1069
,RaidCall EMS One Spring 2013 Cup #2,2/20/13,1070
,Assembly Winter 2013,2/22/13,1072
,RaidCall EMS One Spring 2013 Cup #3,2/27/13,1075
,The Nordic Games #2,2/28/13,1076
,LAN ETS 2013,3/3/13,1077
,LAN ETS 2013,3/3/13,1077
,ESL Pro Series Spain X,3/4/13,1078
,Svecup Norrkping Qualifier #1 ,3/9/13,1079
,Razer CS:GO Challenge,3/9/13,1080
,EIZO QPAD eSport FEVER #1,3/9/13,1081
,RaidCall EMS One Spring 2013 Cup #4,3/13/13,1082
,ESEA Open Season 13 Playoffs,3/18/13,1083
,Brasil Gaming League,3/14/13,1084
,FACEIT Saturday Spring Cup #1,3/16/13,1085
,Publiclir.se - 5on5 CS:GO by Qpad,3/17/13,1086
,RaidCall EMS One Spring 2013 Group Stage,3/19/13,1087
,TECHLABS Cup 2013,3/23/13,1088
"Sydney, Australia",CyberGamer Premier League Season 1,3/22/13,1089
,Insomnia 48,3/23/13,1090
,SLTV ProSeries V,3/23/13,1091
,FACEIT Saturday Spring Cup #2,3/23/13,1092
,Svecup Norrkping Qualifier #2,3/24/13,1093
,Copenhagen Games 2013,3/29/13,1094
,Copenhagen Games 2013,3/29/13,1094
,Copenhagen Games 2013 female,3/29/13,1095
,Copenhagen Games 2013 Qualifier,3/28/13,1096
,Svecup Norrkping,4/2/13,1097
,SLTV StarSeries V Finals,4/4/13,1098
,Mad Catz Birmingham,4/5/13,1099
,NLAN 2013,4/4/13,1100
,Komplett.dk League Season 1,4/14/13,1101
,RaidCall EMS One Spring 2013 Finals,4/13/13,1102
,MAXfps.no Open,4/14/13,1103
,ESL A-Series Summer 2013,4/14/13,1104
,ESEA Invite Season 13 Global Finals,4/20/13,1105
,ESEA Invite Season 13 All-Star,4/20/13,1107
,Gaming.dk League by SteelSeries Season 6,4/16/13,1108
,Gaming.dk League by SteelSeries Season 6,4/16/13,1108
,Swebus CS:GO Challenge by Inferno Online,4/18/13,1109
,SLTV StarSeries V Relegation,4/18/13,1110
,RADEON Offensive #2,4/20/13,1111
,ECL 2013 Season 1,4/24/13,1112
,MEO XLPARTY Exponor,4/28/13,1114
,SLTV ProSeries VI Qualifier,4/28/13,1115
,SLTV StarSeries VI Qualifier,5/1/13,1116
,Svecup Vsters Qualifier #1,5/4/13,1118
,TECHLABS Minsk Qualifier,5/5/13,1120
,Gaming.dk League by SteelSeries Season 6 Finals,5/9/13,1122
,The Blast 2013,5/10/13,1123
,Svecup Vsters Qualifier #2,5/10/13,1124
,SLTV StarSeries VI,5/13/13,1125
,SLTV StarSeries VI,5/13/13,1125
,Go4CS:GO Cup #43,5/12/13,1126
,IN League Season 2,5/13/13,1127
,RaidCall EMS One Summer 2013 Cup #1,5/14/13,1128
,TECHLABS Cup Minsk 2013,5/18/13,1129
,Fnatic FragOut League Season 2,5/19/13,1130
,Go4CS:GO Cup #44,5/19/13,1133
,DreamHack Summer 2013 Finnish Qual.,5/20/13,1134
,RaidCall EMS One Summer 2013 Cup #2,5/21/13,1135
,MFJV Online Series #2,5/28/13,1137
,Svecup Vsters,5/25/13,1138
,DreamHack Summer 2013 Danish Qual.,5/26/13,1139
,ESEA Invite Season 14 Europe,5/27/13,1141
,ESEA Invite Season 14 Europe,5/27/13,1141
,RaidCall EMS One Summer 2013 Cup #3,5/28/13,1142
,ESEA Intermediate Season 14 Europe,5/28/13,1143
,FACEIT Cup May 2013,5/30/13,1144
,DreamHack Summer 2013 IOS Qual.,6/1/13,1145
,RaidCall EMS One Summer 2013 Cup #4,6/4/13,1147
,RaidCall EMS One Summer 2013 Group Stage,6/10/13,1148
,TLP 2013 Qualifier,6/9/13,1149
,DreamHack Summer 2013,6/15/13,1151
,DreamHack Summer 2013 BYOC,6/16/13,1152
,Swedish Championship 2013,6/16/13,1153
,DreamHack Summer 2013 2on2,6/17/13,1154
,RaidCall EMS One Summer 2013 Finals,6/29/13,1155
,ESL Pro Series Germany Summer Season 2013,8/13/13,1156
,ESL Pro Series Germany Summer Season 2013,8/13/13,1156
,FMR LAN Cup #8,6/23/13,1157
,ESL Pro Series Spain XI,7/2/13,1158
,SLTV ProSeries VI,7/1/13,1160
,FACEIT Cup June 2013,7/2/13,1162
,SLTV StarSeries VI Finals,7/4/13,1163
,Prague Challenge,7/13/13,1164
,DreamHack Valencia 2013,7/18/13,1165
,Mad Catz Invitational,8/12/13,1166
,Mad Catz Qualifier,7/30/13,1168
,FACEIT Cup July 2013,8/8/13,1171
,Areena #3 by SteelSeries,8/10/13,1172
,SLTV StarSeries VII Qualifier,8/11/13,1173
,ESEA Invite Season 14 Global Finals,8/17/13,1174
,SLTV StarSeries VII,8/14/13,1175
,SLTV StarSeries VII,8/14/13,1175
,MSI Beat it! 2013 EU Open Qualifier #1,8/20/13,1176
,MSI Beat it! 2013 EU Open Qualifier #2,8/21/13,1177
,MSI Beat it! 2013 EU Open Qualifier #3,8/23/13,1178
,MSI Beat it! 2013 EU Open Qualifier #4,8/23/13,1179
,MSI Beat it! 2013 EU Shootout,8/24/13,1180
,MSI Beat it! 2013 European Finals,8/26/13,1181
,Go4CS:GO Cup #58,8/25/13,1182
,Go4CS:GO Monthly Finals July 2013,8/29/13,1183
,TECHLABS Cup Kiev 2013,8/31/13,1184
,MFJV 2013,9/1/13,1185
,Go4CS:GO Cup #59,9/1/13,1187
,European Championship 2013 Qualification Round 1,9/8/13,1188
,RaidCall EMS One Fall 2013 Cup #1,9/3/13,1189
,Gaming.dk League by SteelSeries Season 7,9/3/13,1190
,East Asian Championship 2013,9/7/13,1191
,East Asian Championship 2013,9/7/13,1191
,DreamHack Bucharest 2013,9/14/13,1192
,Go4CS:GO Cup #60,9/8/13,1193
,FACEIT Cup August 2013,9/9/13,1195
,MSI Beat it! 2013 US Finals,9/11/13,1196
,RaidCall EMS One Fall 2013 Cup #2,9/10/13,1197
,ESWC 2013 France Pre-Qual. #1,9/12/13,1198
,ESWC 2013 France Pre-Qual. #2,9/19/13,1199
,RaidCall EMS One Fall 2013 Cup #3,9/17/13,1200
,TECHLABS Cup Minsk 2013 EU Qualifier,9/20/13,1201
,TECHLABS Baltics Cup 2013,9/20/13,1202
,European Championship 2013 Qualification Round 2,9/20/13,1203
,ESWC 2013 European Qualifier,9/21/13,1204
,TECHLABS Cup Minsk 2013 CIS Qualifier,9/22/13,1206
,ESWC 2013 NA Qualifier,9/23/13,1207
,ESWC 2013 NA Qualifier,9/23/13,1207
,RaidCall EMS One Fall 2013 Cup #4,9/24/13,1209
,TECHLABS Cup BY 2013,9/28/13,1211
,ESWC 2013 Germany,9/28/13,1212
,ESWC 2013 Denmark,9/29/13,1213
,Go4CS:GO Cup #63,9/29/13,1215
,RaidCall EMS One Fall 2013 Decider,9/30/13,1217
,European Championship 2013,10/2/13,1218
,European Championship 2013,10/2/13,1218
,RaidCall EMS One Fall 2013 Group Stage,10/1/13,1219
,SLTV ProSeries VII,10/3/13,1221
,FMR Lan Cup @ Igromir,10/4/13,1222
,MSI Beat it! 2013 Chinese Finals,10/4/13,1223
,Do Gaming League Championship 2013,10/5/13,1224
,Epsilan 11,10/5/13,1225
,ESWC 2013 Ukraine,10/6/13,1226
,Go4CS:GO Cup #64,10/6/13,1227
,Go4CS:GO Cup #64,10/6/13,1227
,MSI Beat it! 2013 Middle East Qualifier,10/7/13,1228
,MSI Beat it! 2013 Middle East Qualifier,10/7/13,1228
,ESL Pro Series Germany Winter 2013 Cup #1,10/7/13,1230
,SLTV StarSeries VII Finals,10/10/13,1231
,ESL Pro Series France XI Cup #3,10/10/13,1232
,MSI Beat it! 2013 APAC Qualifier,10/11/13,1235
,MSI Beat it! 2013 APAC Qualifier,10/11/13,1235
,Gaming.dk League by SteelSeries Season 7 Finals,10/12/13,1236
,ESWC 2013 Sweden,10/12/13,1237
,ESEA Invite Season 15 Europe,10/20/13,1238
,ESEA Invite Season 15 Europe,10/20/13,1238
,ESL Pro Series Germany Winter 2013 Cup #2,10/14/13,1239
,FACEIT Cup September 2013,10/15/13,1240
,ESEA Invite Season 15 North America,10/16/13,1242
,ESEA Invite Season 15 North America,10/16/13,1242
,ESL Pro Series France XI Cup #4,10/17/13,1243
,Go4CS:GO Cup #66,10/20/13,1244
,RaidCall EMS One Fall 2013 Finals,10/26/13,1245
,ESL Pro Series Germany Winter 2013 Cup #3,10/21/13,1246
,ESL Pro Series France XI Cup #5,10/22/13,1247
,ESL Pro Series Germany Winter 2013 Cup #4,10/28/13,1248
,ESWC 2013,10/31/13,1249
,ESWC 2013 France,10/30/13,1250
,TECHLABS Cup Minsk Rematch,10/30/13,1251
,ESWC 2013 Female,10/31/13,1252
,ESL Pro Series Germany Winter 2013 Cup #5,11/4/13,1253
,Fragbite Masters Qualifier #1,11/6/13,1254
,ESEA Intermediate Season 15 Europe,11/22/13,1255
,Fragbite Masters Qualifier #2,11/8/13,1256
,SLTV StarSeries VIII,11/8/13,1257
,SLTV StarSeries VIII,11/8/13,1257
,Belgrade Gaming Festival 2013,11/10/13,1258
,coL 10th Anniversary,11/10/13,1259
,Telkom Do Gaming Insta-Clash Cup November 2013,11/13/13,1260
,FACEIT Cup October 2013,11/13/13,1261
,Fragbite Masters Qualifier #3,11/14/13,1262
,ESL Pro Series France XI Cup #7,11/13/13,1263
,Fragbite Masters Qualifier #4,11/15/13,1264
,TECHLABS Cup 2013 Grand Final,11/16/13,1265
,Fragbite Masters 2013,12/2/13,1266
,Fragbite Masters 2013,12/2/13,1266
,DreamHack Winter 2013 FACEIT Online Qual.,11/19/13,1267
,MSI Beat it! 2013 SEA Qualifier,11/22/13,1268
,MSI Beat it! 2013 Grand Finals,11/23/13,1269
,DreamHack Winter 2013,11/28/13,1270
,ESL Pro Series Germany Winter Season 2013,11/25/13,1271
,DreamHack Winter 2013 BYOC,11/28/13,1272
,Insomnia 50,12/2/13,1273
,ESL Pro Series France XI Finals,12/9/13,1274
,SLTV ProSeries VIII,12/14/13,1275
,Gaming.dk SteelSeries Championship Invite Finals 2013,12/14/13,1276
,Svecup Grand Finals 2013,12/14/13,1277
,SLTV StarSeries VIII Finals,12/20/13,1279
,FACEIT December Championship 2013,12/19/13,1280
,EuroGamersOnline Ozone Challenge,12/24/13,1281
,EMS One Katowice Nordic Qualifier Cup #1,1/10/14,1283
,LanTrek 2014,1/11/14,1284
,EMS One Katowice CIS Qualifier Cup #1,1/12/14,1285
,EMS One Katowice Polish Qualifier Cup #1,1/12/14,1286
,ESEA Invite Season 15 Global Finals,1/18/14,1287
,EMS One Katowice German Qualifier Cup #1,1/18/14,1288
,Imbarena Game Ring Cup Final,1/19/14,1289
,CyberGamer Pro League Season 3,1/20/14,1290
,Assembly Winter 2014,1/31/14,1291
,EMS One Katowice CIS Qualifier Cup #2,1/22/14,1292
,EMS One Katowice Polish Qualifier Cup #2,1/22/14,1293
,FACEIT January Championship 2014,1/23/14,1294
,ESEA Open Season 15,1/27/14,1295
,ESEA Open Season 15,1/27/14,1295
,EMS One Katowice Nordic Qualifier Cup #2,1/25/14,1296
,EMS One Katowice French Qualifier Cup #2,1/25/14,1297
,CEVO Main Season 3,1/28/14,1298
,EMS One Katowice UK Qualifier Cup #2,1/31/14,1299
,EMS One Katowice Polish Qualifier Cup #3,2/1/14,1300
,EMS One Katowice German Qualifier Cup #2,2/1/14,1301
,EMS One Katowice CIS Qualifier Cup #3,2/1/14,1302
,EMS One Katowice Nordic Regional Finals,2/7/14,1303
,EMS One Katowice French National Finals,2/7/14,1304
,EMS One Katowice CIS Qualifier Cup #4,2/7/14,1305
,EMS One Katowice Polish Qualifier Cup #4,2/7/14,1306
,EMS One Katowice UK National Finals,2/10/14,1308
,EMS One Katowice Polish National Finals,2/10/14,1309
,Fnatic FragOut League Season 3,2/12/14,1310
,EMS One Katowice German National Finals,2/14/14,1311
,EMS One Katowice CIS Regional Finals,2/14/14,1312
,SteelSeries CS:GO Calling,2/16/14,1313
,epic.TWELVE,2/16/14,1314
,ESL Pro Series Germany Spring 2014 Cup #1,2/17/14,1315
,EMS One Katowice European Qualifier #1,2/18/14,1316
,SLTV StarSeries IX,2/28/14,1317
,DreamHack Stockholm SteelSeries CS:GO Invitational 2014,2/21/14,1318
,ESL Pro Series Germany Spring 2014 Cup #2,2/24/14,1320
,EMS One Katowice European Finals,2/25/14,1321
,CS Forever: London,2/28/14,1322
,Fragbite Masters 2014 Qualifier #1,3/1/14,1323
,CEVO Professional Season 4,3/3/14,1324
,Fragbite Masters 2014 Qualifier #2,3/3/14,1325
,Gfinity Alienware Pro League Season 1,3/4/14,1327
,GSL Egamingbets Cup,3/5/14,1328
,Gaming.dk League by SteelSeries Season 8,3/4/14,1329
,Fragbite Masters 2014 Qualifier #3,3/5/14,1330
,Fragbite Masters 2014 Qualifier #4,3/7/14,1331
,Fragbite Masters 2014,3/8/14,1332
,EMS One Katowice 2014,3/13/14,1333
,ESEA Invite Season 16 Europe,3/19/14,1334
,East Asian Championship 2014,3/22/14,1335
,Gamermag Open #1,3/23/14,1336
,FACEIT March Championship 2014,3/26/14,1337
,Voronezh Cup Qualifier #3,3/30/14,1338
,BOT World Championship 2014,4/5/14,1339
,Voronezh Cup Qualifier #4,4/6/14,1340
,ESL Pro Series Germany Spring 2014,5/10/14,1341
,Gaming.dk League by SteelSeries Season 8 Finals,4/12/14,1342
,Voronezh Cup 2014,4/12/14,1343
,Vox Play #1,4/13/14,1344
,Copenhagen Games 2014,4/18/14,1345
,ESEA Invite Season 16 North America,4/15/14,1346
,Copenhagen Games 2014 female,4/18/14,1347
,Insomnia 51,4/20/14,1348
,1Life Fraglider Invitational,4/26/14,1349
,E-sport-bets.com 3rd Anniversary Cup,4/25/14,1351
,Newmen 5Eplay ESports Masters,4/25/14,1352
,eSportsventure Cup,4/28/14,1353
,FACEIT Spring League Open Qualifier,4/27/14,1354
,SLTV ProSeries IX,4/28/14,1355
,FACEIT Spring League Closed Qualifier,4/28/14,1356
,FACEIT Spring League 2014,4/30/14,1357
,SLTV StarSeries IX Finals,5/2/14,1358
,ESPORTSM 2013/2014 - Qualifier #6 Stockholm,5/3/14,1359
,SoCal Revival #2,5/3/14,1360
,ESL UK Community Challenge S1 Cup #1,5/6/14,1361
,Hitbox Arena Championship,5/13/14,1362
,ESPORTSM 2013/2014 - Qualifier #7,5/12/14,1363
,ESL UK Community Challenge S1 Cup #2,5/13/14,1364
,Mikz Challenge,5/18/14,1365
,ESL UK Community Challenge S1 Cup #3,5/20/14,1366
,DreamHack Summer 2014 pre-qualifier #1,5/21/14,1367
,GO4Balkan Charity Tournament,5/24/14,1368
,Gaming Challenge 2014,5/25/14,1369
,DreamHack Summer 2014 pre-qualifier #3,5/25/14,1370
,DreamHack Summer 2014 pre-qualifier #2,5/26/14,1371
,ESL Pro Series Poland Season 8 Qualifier #1,5/26/14,1372
,DreamHack Summer 2014,6/14/14,1373
,ESL UK Community Challenge S1 Cup #4,5/27/14,1374
,Vox Play Battlegrounds,6/1/14,1375
,DreamHack Summer 2014 Closed Qualifier,5/30/14,1376
,BirdieLAN 24,5/30/14,1377
,ESPORTSM 2013/2014 - Qualifier #8 Gothenburg,5/31/14,1378
,ESL Pro Series Poland Season 8,6/2/14,1379
,ESL UK Community Challenge S1 Cup #5,6/3/14,1381
,Gaming.dk League by SteelSeries Season 9 Finals,6/7/14,1382
,ASUS ROG Portugal Qualifier #3,6/8/14,1383
,ESEA Intermediate Season 16 Europe,6/9/14,1384
,ESL UK Community Challenge S1 Cup #6,6/10/14,1385
,ESPORTSM 2013/2014 Finals,6/15/14,1387
,DreamHack Summer 2014 BYOC,6/14/14,1388
,CIS Rising League Season 1,6/17/14,1389
,ESEA Invite Season 16 Global Finals,6/28/14,1390
,Team Dignitas CS:GO SCAN Invitational,6/22/14,1392
,G3 Qualifier #1,6/22/14,1393
,ESL Pro Series Germany Summer 2014 Cup #2,6/23/14,1394
,SLTV StarSeries X,6/25/14,1396
,ESEA Invite Season 16 All-Star,6/27/14,1397
,F3 Academy League,6/26/14,1398
,Plantronics CS:GO UK Open,6/26/14,1399
,G3 Qualifier #2,6/27/14,1400
,Areena #4 by SteelSeries,6/28/14,1401
,Killing Spree,6/29/14,1402
,ESL UK SteelSeries Community Challenge S1 Finals,6/30/14,1403
,ESEA Invite Season 17 North America,7/24/14,1404
,ESL One Cologne 2014 North pre-qualifier,6/30/14,1405
,CEVO Professional Season 5 Placement,7/1/14,1406
,IronGaming,7/5/14,1408
,ESL One Cologne 2014 South-West pre-qualifier,7/2/14,1409
,Telkom Do Gaming League Winter 2014,7/6/14,1410
,ESL Pro Series Poland Season 8 Finals,7/6/14,1411
,GameGune 2014,7/4/14,1412
,ESL Pro Series Germany Summer 2014 Cup #4,7/7/14,1413
,Assembly Summer 2014 qualifier #1,7/8/14,1414
,ESL One Cologne 2014 Oceanic qualifier,7/20/14,1415
,5eplay Steelseries League Season 3,7/13/14,1417
,Hitbox Arena Showdown,7/16/14,1418
,ESL One Cologne 2014 South-East pre-qualifier,7/14/14,1419
,CEVO Professional Season 5,7/15/14,1420
,Caseking of the Hill #1,7/16/14,1422
,ESL One Cologne 2014 North American qualifier,7/17/14,1423
,DreamHack Valencia 2014,7/18/14,1424
,DreamHack Valencia 2014 qualifier,7/17/14,1425
,epic.THIRTEEN,7/18/14,1426
,ESWC 2014 North America,7/18/14,1427
,ESEA Invite Season 17 Europe,8/7/14,1428
,Caseking of the Hill #2,7/23/14,1429
,ESL One Cologne 2014 Open pre-qualifier,7/22/14,1430
,ESL UK Community Challenge S2 Cup #1,7/22/14,1431
,ESL One Cologne 2014 European Finals,7/26/14,1432
,Team Dignitas SCAN CS:GO UK Invitational,7/27/14,1433
,ESL One Cologne 2014 Indian qualifier,7/27/14,1435
,FACEIT North American Championship,7/28/14,1436
,Gfinity 3,8/2/14,1437
,ASUS ROG Summer 2014,7/31/14,1438
,ESL UK Community Challenge S2 Cup #2,7/29/14,1439
,Caseking of the Hill #3,7/30/14,1440
,EIZO Challenge 2014,7/31/14,1441
,ESL Pro Series Germany Summer 2014,8/4/14,1443
,ESL One Cologne 2014,8/14/14,1444
,ESL UK Community Challenge S2 Cup #3,8/5/14,1445
,Caseking of the Hill #4,8/6/14,1446
,FACEIT League 2 EU pre-qualifier #2,8/10/14,1448
,European Championship 2014 Qualification Round 1,8/12/14,1449
,ESL UK Community Challenge S2 Cup #4,8/12/14,1450
,ESL UK Community Challenge S2 Cup #5,8/19/14,1451
,Hitbox Arena Championship 2,8/19/14,1452
,European Championship 2014 Qualification Round 2,8/22/14,1453
,Caseking of the Hill #5,8/21/14,1454
,Romanian eSports Championship 4,8/21/14,1455
,SLTV ProSeries X,8/22/14,1456
,FACEIT League 2 EU pre-qualifier #3,8/23/14,1457
,Insomnia 52,8/24/14,1458
,FACEIT League 2 EU pre-qualifier #4,8/24/14,1459
,FACEIT League 2 EU Closed Qualifier,8/25/14,1461
,FACEIT League 2 NA Closed Qualifier,8/26/14,1462
,ESL Pro Series Poland Season 9 Qualifier,8/26/14,1463
,SLTV StarSeries X Finals,8/30/14,1464
,Caseking of the Hill #6,8/27/14,1465
,CS:GO Legends Series #1,9/1/14,1466
,nAvTV Sunday Series August Cup 2014,8/31/14,1468
,European Championship 2014,9/4/14,1469
,FACEIT League EU Season 2,9/3/14,1470
,FACEIT League NA Season 2,9/4/14,1471
,Caseking of the Hill #7,9/9/14,1472
,ESL UK Community Challenge S2 Cup #6,9/2/14,1473
,ESL Pro Series Germany Summer 2014 LAN Finals,9/6/14,1474
,CS:GO Legends Series #2,9/8/14,1475
,Hitbox Arena Championship 3,9/10/14,1477
,ESWC 2014 France Vakarm.net pre-qual #1,9/14/14,1478
,ESWC 2014 China Closed Qualifier,9/11/14,1479
,SLTV StarSeries XI,9/14/14,1480
,DreamHack Stockholm 2014 FACEIT qualifier,9/15/14,1481
,Game Show CS:GO League,9/15/14,1482
,ESL UK SteelSeries Community Challenge S2 Finals,9/15/14,1483
,Millenium Showmatch,9/16/14,1484
,Caseking of the Hill #8,9/16/14,1485
,CS:GO Legends Series #4,10/20/14,1487
,ESL Pro Series Poland Season 9,9/21/14,1488
,Fragbite Masters Season 3 Qualifier #1,9/23/14,1489
,DreamHack Stockholm CS:GO Invitational 2014,9/25/14,1490
,Caseking of the Hill #9,9/24/14,1491
,Fragbite Masters Season 3 Qualifier #2,9/28/14,1492
,CS:GO Legends Series #3,10/13/14,1493
,Gamers League 2014 CS:GO Season 2,9/28/14,1494
,ESWC 2014 France Vakarm.net pre-qual #2,9/28/14,1495
,X5 Mega Arena CS:GO,9/28/14,1496
,Areena #5 by ROCCAT,10/4/14,1497
,Areena #6 by ROCCAT,10/5/14,1498
,Fragbite Masters Season 3,10/1/14,1500
,ESWC 2014 China LAN Qualifier,10/3/14,1501
,Game Show CS:GO League LAN Finals,10/3/14,1502
,ESWC 2014 European Qualifier,10/4/14,1503
,MR 2014,10/4/14,1504
,GIGACON 2014,10/4/14,1505
,MondoGames CS:GO Championship Season One,10/5/14,1506
,ESWC 2014 Norway,10/5/14,1507
,ESWC 2014 Portugal Qualifier,10/5/14,1508
,Millenium Showmatch #2,10/7/14,1509
,ESWC 2014 India,10/7/14,1510
,CEVO Professional Season 5 LAN Finals,10/10/14,1512
,ESWC 2014 Russia &amp; Ukraine Qualifier,10/11/14,1513
,Telkom Gaming CS:GO Championships 2014,10/11/14,1514
,ESWC 2014 Denmark,10/12/14,1515
,SLTV StarSeries XI Finals,10/18/14,1516
,BenQ All-Star Showmatch #1,10/19/14,1517
Australia,CyberGamer Pro League Season 2 Winter Finals,10/18/14,1518
,DreamHack Winter 2014 EU pre-qualifier #1,10/18/14,1519
,DreamHack Winter 2014 EU pre-qualifier #2,10/19/14,1520
,FACEIT League Season 2 Finals,10/24/14,1521
,DreamHack Winter 2014 NA Closed Qualifier,10/21/14,1522
,DreamHack Winter 2014 EU Closed Qualifier,10/21/14,1523
,LVP Gamergy Qualifier #1,10/22/14,1524
,John Wick CS:GO Invitational,10/23/14,1525
,ESWC 2014,10/30/14,1526
,ESWC 2014 France,10/29/14,1527
,ESWC 2014 Female,10/30/14,1529
,ESEA Premier Season 17 North America,11/4/14,1530
,LVP Gamergy Qualifier #2,11/4/14,1531
"Sydney, Australia",Azubu Australian Masters,11/7/14,1532
,CS:GO Legends Series NA #1,11/10/14,1533
,RGN Summer&apos;s End Tournament,11/10/14,1534
,Go4CS:GO Cup #120,11/9/14,1535
,ESL Pro Series Germany Winter 2014,11/10/14,1536
,ESEA Main Season 17 Europe,11/11/14,1537
,Caseking King of Kings,11/11/14,1539
,ESL Pro League Winter 2014/15 UK Qualifier,11/12/14,1540
,ESL Pro League Winter 2014/15 Polish Qualifier,11/12/14,1541
,ESL Pro League Winter 2014/15 Iberian Qualifier,11/13/14,1542
,ESL Pro League Winter 2014/15 German Qualifier,11/14/14,1543
,Virtus.pro Staff Cup #1,11/15/14,1544
,GamersImpact Charity Drive,11/15/14,1545
,Go4CS:GO Cup #121,11/16/14,1546
,Millenium Showmatch #3,11/18/14,1547
,BenQ All-Star Showmatch #2,11/17/14,1548
,LVP Gamergy Qualifier #3,11/19/14,1551
,CEVO Professional Season 6 Placement,11/19/14,1552
,DreamHack Winter 2014,11/27/14,1553
,ESL Pro League Winter 2014/15 European Qualifier,11/20/14,1554
,DreamHack Winter 2014 Last Call Qualifier,11/22/14,1555
,Orena LifeChild Invitational,11/23/14,1556
,Insomnia 53,11/23/14,1557
,SLTV ProSeries XI,11/24/14,1558
,Go4CS:GO Cup #122,11/24/14,1559
,Go4CS:GO Europe Pro League Winter 2014 Group Final,11/24/14,1560
,99Damage Arena #1,11/24/14,1561
,Hitbox CS:GO Championship by E-Frag.net,11/26/14,1562
,ESEA Invite Season 17 Global Finals,12/6/14,1563
,G2A.com December Cup Powered by FACEIT NA,12/19/14,1564
,Millenium Showmatch #4,12/3/14,1565
,GameAgentsTV Showmatch #1,12/2/14,1566
,GDK CS:GO Tournament,12/2/14,1567
,South East Europe Championship,12/13/14,1568
,ESEA Invite Season 17 All-Star,12/6/14,1569
,RGN Winter Classic,12/4/14,1570
,GameAgentsTV Showmatch #2,12/4/14,1571
,LVP Gamergy CS:GO LAN Finals,12/5/14,1572
,99Damage Arena #2,12/8/14,1573
,CS:GO AOC UK Challenge Winter #4 2014/15,12/9/14,1574
,ESL Pro League Winter 2014/15,12/10/14,1575
,G2A.com December Cup Powered by FACEIT Europe,12/11/14,1576
,CEVO Professional Season 6,12/11/14,1577
,ESL Pro Series Germany Winter 2014 LAN Finals,12/13/14,1578
,European Championship 2014 LAN Finals,12/14/14,1579
,The Logitech Invitational,12/13/14,1580
,FACEIT Oceanic Invitational,12/14/14,1581
,RelaxCube CS:GO Christmas Cup,12/14/14,1583
,European Legends Showmatch 2014,12/15/14,1584
,MLG X Games Championship Qualifier #1 North America,12/16/14,1585
,CS:GO AOC UK Challenge Winter #5 2014/15,12/16/14,1586
,SLTV StarSeries XII Qualifier,12/17/14,1587
,ESL Pro Series France XIII,12/17/14,1588
,MLG X Games Championship Qualifier #1 Europe,12/17/14,1589
,Acer A-Split Invitational powered by Intel,12/19/14,1590
,xfunction Masters by hitbox,12/21/14,1591
,CIS Rising League Season 2,12/21/14,1592
,MLG X Games Championship Qualifier #2 Europe,12/21/14,1594
,MLG X Games Championship Qualifier #2 NA,12/21/14,1595
,99Damage Arena #3,12/22/14,1596
,CS:GO AOC UK Challenge Winter #6 2014/15,12/23/14,1597
,New Year Invitational,1/2/15,1599
"Aspen, Colorado, USA",MLG X-Games Aspen 2015,1/23/15,1600
"Helsinki, Finland",ASUS ROG Winter 2015,1/30/15,1601
"Denver, Colorado, USA",ClutchCon 2015,1/30/15,1602
,ESEA BenQ S18 EU Pre-Season Tournament,1/4/15,1603
"Moscow, Russia",MCS Open Season 1 Finals,1/9/15,1604
"Kiev, Ukraine",SLTV StarSeries XII Finals,3/27/15,1605
"London, United Kingdom",FACEIT League 2015 Stage 1 Finals,5/1/15,1606
"Kiev, Ukraine",SLTV StarSeries XIII Finals,6/19/15,1607
"Stockholm, Sweden",Fragbite Masters Season 5 Finals,12/4/15,1608
,Rising Stars Balkan #1,1/29/15,1609
"Copenhagen, Denmark",Copenhagen Games 2015,4/2/15,1610
"Katowice, Poland",ESL One Katowice 2015,3/12/15,1611
"Bucharest, Romania",CCS Kick-off Season Finals,4/24/15,1612
"Tours, France",DreamHack Open Tours 2015,5/9/15,1613
"Jnkping, Sweden",DreamHack Open Summer 2015,6/13/15,1614
"Jnkping, Sweden",FACEIT League 2015 Stage 3 Finals at DH Winter 2015,11/26/15,1615
"Valencia, Spain",FACEIT League 2015 Stage 2 Finals at DreamHack Valencia,7/16/15,1616
"Cluj-Napoca, Romania",DreamHack Open Cluj-Napoca 2015,10/28/15,1617
"London, United Kingdom",Gfinity 2015 Spring Masters 1,3/20/15,1618
"London, United Kingdom",Gfinity 2015 Spring Masters 2,5/16/15,1619
"London, United Kingdom",Gfinity 2015 Summer Masters 1,6/26/15,1620
"Birmingham, United Kingdom",Gfinity 2015 Champion of Champions,9/26/15,1621
"Stockholm, Sweden",Inferno Online Pantamera Challenge,2/7/15,1622
,ESEA Invite Season 18 NA,1/11/15,1623
,ESEA Invite Season 18 Europe,1/11/15,1624
,99Damage Arena #4,1/12/15,1625
,ESEA BenQ S18 NA Pre-Season Tournament,1/4/15,1626
,RGN New Years Open,1/12/15,1627
,ASUS ROG Winter 2015 Qualifier,1/11/15,1628
,SLTV StarSeries XII,1/13/15,1629
,99Damage Masters,2/5/15,1630
,Millenium Showmatch #5,1/16/15,1631
,FACEIT League 2015 European Qualifier #1,1/17/15,1632
,FACEIT League 2015 European Qualifier #2,1/18/15,1633
,FACEIT League 2015 European Closed Qualifier,1/18/15,1634
,RGN Pro Series II NA Closed Qualifier,7/21/16,1635
,NVIDIA Showmatch,1/22/15,1636
,Rising Stars Asia #1,1/23/15,1637
,GeForce GTX AllStar Tournament,1/24/15,1638
,FACEIT League 2015 NA Closed Qualifier,1/28/15,1639
,ESL One Katowice 2015 European Qualifier #1,1/27/15,1640
,CS:GO AOC UK Challenge Winter Finals 2014/15,1/27/15,1641
,ESL One Katowice 2015 CIS Qualifier,1/28/15,1642
,FPL Challenge by Bjrn Borg,2/10/15,1643
"Katowice, Poland",ESL One Katowice 2015 Main Qualifier,2/14/15,1644
,Balkan Championship Season 1,2/2/15,1646
,ESL One Katowice 2015 European Qualifier #2,2/3/15,1647
,Inferno Online Pantamera Qualifier,2/2/15,1648
,ESL One Katowice 2015 Polish Qualifier,2/3/15,1649
,ESL One Katowice 2015 NA Qualifier,2/4/15,1650
"Dallas, Texas, USA",ESEA Invite Season 18 Global Finals,4/17/15,1651
,ESL One Katowice 2015 Last Chance Qualifier,2/8/15,1652
,Game Show League Season 2 EU Qualifier,2/8/15,1653
,BREKAN Cuadrangular 2015,2/8/15,1654
,RGN Intercontinental Open: Europe,2/9/15,1655
,CS Select #1,2/10/15,1656
,King of Majors,2/16/15,1657
,iBUYPOWER Invitational,2/28/15,1658
,BenQ All-Star Showmatch #3,2/13/15,1659
,Nordic Masters 2015,2/14/15,1660
,CS Select #2,2/17/15,1661
,FACEIT League 2015 Stage 1,2/18/15,1662
,Insomnia 54 Qualifier,2/18/15,1663
,RGN Intercontinental Open: NA,2/18/15,1664
,Battle for the Throne,2/18/15,1665
"Cologne, Germany",ESL One Cologne 2015,8/20/15,1666
"Coventry, England, United Kingdom",Insomnia 54,4/3/15,1667
,Uprise Champions Cup Season 2,4/23/15,1668
"Columbus, Ohio, United States",CEVO Professional Season 6 LAN Finals,4/13/15,1670
,Game Show CS:GO League Season 2,2/23/15,1671
,ESL DGB Spring 2015 Cup #1,2/23/15,1672
"Stockholm, Sweden",Fragbite Masters Season 4 Finals,6/6/15,1673
,Fragbite Masters Season 4,4/28/15,1674
,Friday Night Frags by 27in1.com,2/27/15,1675
,GamePlan Pro League,3/8/15,1676
,LanTrek 2015,2/27/15,1677
,CCS Kick-off Season Romanian Qualifier,2/28/15,1678
,CCS Kick-off Season Closed Qualifier #1,3/2/15,1679
,CCS Kick-off Season Closed Qualifier #2,3/7/15,1680
,Global Offensive Champions League Season 1,3/24/15,1681
,TaKeTV Showmatch,3/5/15,1682
,Friday Night Frags by Strafe App,3/6/15,1683
,CS Select #3,3/7/15,1684
,Game Ninja 2015,3/7/15,1685
,CCS Kick-off Season,3/17/15,1686
,CCS Kick-off Season Last Chance,4/8/15,1687
,GameAgents League Season 1,3/7/15,1688
,xfunction Iberian Cup by hitbox,3/10/15,1689
,xfunction Masters 2016,6/27/16,1690
"Poitiers, France",Gamers Assembly 2015,4/5/15,1691
,LAN ETS 2015,3/8/15,1692
"Stockholm, Sweden",DreamHack Open Cluj-Napoca 2015 Qualifier at DreamHack Open Stockholm,9/22/15,1693
"Belgrade, Serbia",World Championships 2015,10/8/15,1694
,Intel Challenge Katowice 2015,3/15/15,1695
,RGN Intercontinental II: Europe,3/16/15,1696
,RGN Intercontinental II: NA,3/22/15,1697
,CEVO Professional Season 7 Placement EU,3/22/15,1698
,CEVO Professional Season 7 Placement NA,3/23/15,1699
,nAvTV Sunday Series March Cup 2015,3/22/15,1700
,Fragadelphia 4,3/23/15,1701
"Cologne, Germany",ESL Pro League Winter 2014/15 Finals,4/10/15,1702
"Stockholm, Sweden",Dustin March Madness 2015,3/28/15,1703
,EsportFest 2015,3/28/15,1704
,Alienware Area 51 Cup #1,3/27/15,1705
,xfunction Masters Season II,3/29/15,1706
"Montreal, Canada",ESWC 2015,7/10/15,1707
,CS Select #5,4/1/15,1708
,BOT World Championship 2015,4/1/15,1709
,Copenhagen Games 2015 female,4/3/15,1710
,CS Select #6,4/5/15,1711
Australia,CyberGamer Premier League 3 Finals,4/10/15,1712
,Aftonbladet Fight Night,4/13/15,1713
,Balkan Superleague,4/14/15,1714
"Columbus, Ohio, USA",CEVO Professional Season 7 Finals,7/24/15,1715
,SLTV ProSeries XII,4/14/15,1716
,99Damage Arena #5,4/15/15,1717
,Fragbite Masters Season 4 Qualifier #1,4/15/15,1718
,CS Select #7,4/17/15,1719
,ESL South East Europe Championship Season 1,4/16/15,1720
,ESEA Invite Season 18 All-Star,4/17/15,1721
,CIS LAN Championship,4/17/15,1722
So Paulo,r1seCup ,4/18/15,1724
,D!ngIT CS:GO $1000 Invitational,4/18/15,1725
,DreamHack Open Tours 2015 Closed Qualifier,4/20/15,1726
,ESL UK Premiership Season 1,4/20/15,1727
,ROG School CS:GO,4/20/15,1728
,RGN Pro Series EU Closed Qualifier,5/4/15,1729
,Fragbite Masters Season 4 Qualifier #2,4/21/15,1730
,CS Select #8,4/24/15,1731
,CEVO Professional Season 7,4/27/15,1733
,Acer Predator Masters powered by Intel Qualifier,4/25/15,1734
,RGN Spring Classic,5/7/15,1735
,CEVO Professional Season 7 Last-Chance EU,4/27/15,1736
,99Damage Arena #6,4/28/15,1737
,King of Nordic Season 1,5/5/15,1738
,CS Select #9,4/30/15,1739
,CS Select #10,5/1/15,1740
,ESL Frhlingsmeisterschaft 2015 Finals,5/2/15,1741
,ESL ESEA Pro League Season 1,5/4/15,1742
,Acer Predator Masters powered by Intel Season 1,5/4/15,1744
,CEVO Main Season 7,5/14/15,1745
,Balkan Championship Season 2,5/5/15,1746
,Counter Pit League Qualifier,5/6/15,1748
,ESL South East Europe Championship Season 1 Finals,5/8/15,1749
,CS Select #11,5/9/15,1750
,DreamHack Open Tours 2015 BYOC Qualifier,5/8/15,1752
"Cologne, Germany",ESL ESEA Pro League Season 1 Finals,7/2/15,1753
,xfunction Challenger,5/10/15,1754
,99Damage Arena #7,5/12/15,1755
,Fragbite Masters Season 4 Last Chance Qualifier,5/12/15,1756
"Krefeld, Germany",Acer Predator Masters powered by Intel Season 1 Finals,7/30/15,1757
,CS Select #12,5/16/15,1758
,G2A.com ShowMatch #1 ,5/16/15,1760
,RGN Pro Series EU,5/18/15,1761
,SLTV StarSeries XIII,5/19/15,1762
"London, United Kingdom",DreamHack Open London 2015,9/19/15,1763
"Portoro, Slovenia",Gaming Paradise 2015,9/6/15,1764
,Virtus.pro Staff Cup #2,5/20/15,1765
,RGN Pro Series NA Closed Qualifier,6/3/15,1766
,RGN Pro Series NA,6/24/15,1767
Online,Counter Pit League,5/21/15,1768
,D!ngIT $2000 Weekly Cup #1,5/22/15,1769
,CS Select #14,5/23/15,1770
,Uprise Champions Cup Season 2 LAN Finals,5/23/15,1771
,ESL UK Premiership Season 1 Finals,5/23/15,1772
,CS Select #15,5/24/15,1773
,ACL Sydney 2015 CS:GO Last Chance,5/25/15,1774
,DreamHack Open Summer 2015 Qualifier #1,5/23/15,1775
,FACEIT League 2015 Stage 2 EU Qualifier,5/24/15,1776
,DreamHack Open Summer 2015 Qualifier #2,5/24/15,1777
,FACEIT League 2015 Stage 2 NA Qualifier,5/26/15,1778
,99Damage Arena #8,5/26/15,1779
,FACEIT League 2015 Stage 2 Oceanic Qualifier,5/27/15,1780
,D!ngIT $2000 Weekly Cup #2,5/28/15,1781
,CS Select #16,5/30/15,1782
,Alienware Area 51 Cup #2,5/29/15,1783
,World Championships 2015 Oceanic Qualifier,5/30/15,1784
,GamePlan Weekend Tourney,5/30/15,1786
,DreamHack Open Summer 2015 Closed Qualifier,5/30/15,1787
,Tuddinn LAN 1 | 2015,5/30/15,1788
,FACEIT League 2015 Stage 2,5/31/15,1789
,Gaming Paradise Belgrade Open Qualifier,5/30/15,1790
,ESPORTSM 2015,5/31/15,1791
,CJM First Blood,5/31/15,1792
,MSI ESWC USA Qualifier #1,5/31/15,1793
,Rising Tornado #1,6/2/15,1794
,HTC Reborn Invitational,6/6/15,1795
,D!ngIT $2000 Weekly Cup #3,6/4/15,1796
,ESWC 2015 China,6/5/15,1797
,FACEIT SEA Launch Cup,6/5/15,1798
,99Damage Arena #9,6/6/15,1800
,ESWC 2015 Russia,6/7/15,1801
,Hitbox Arena Showdown Invitational,6/7/15,1802
,Aftonbladet Fight Night #2,6/9/15,1804
,GamePlan Summer,6/9/15,1805
"Kuala Lumpur, Malaysia",ESL One Cologne 2015 Asian Qualifier,7/18/15,1807
"Cologne, Germany",ESL One Cologne 2015 European Qualifier,7/25/15,1808
"Burbank, California, United States",ESL One Cologne 2015 NA Qualifier,8/1/15,1809
,D!ngIT $2000 Weekly Cup #4,6/11/15,1810
,Uprise Champions Cup Season 3 Qualifier,6/11/15,1811
,BenQ All-Star Showmatch #4,6/13/15,1812
,DreamHack Open Summer 2015 BYOC Qualifier,6/13/15,1813
,World Championships 2015 South American Qualifier,6/16/15,1814
Slovenia,Gaming Paradise Inhouse Qualifier,6/23/15,1815
,ESWC 2015 CIS,6/18/15,1816
,D!ngIT $2000 Weekly Cup #5,6/19/15,1817
,iBP Summer Invitational,6/21/15,1818
,Fragadelphia 5,6/22/15,1819
,HyperX CS:GO Clash,6/20/15,1820
,Rising Tornado #2,6/23/15,1821
,99Damage Masters #2,6/23/15,1822
,E-sport-bets Celebration Show-match,6/23/15,1823
,ACL Sydney 2015,6/27/15,1824
,D!ngIT $2000 Weekly Cup #6,6/25/15,1825
,ESL One Cologne 2015 EU pre-qualifier #1,6/28/15,1826
,Gamergy Final Cup 8,6/28/15,1827
,ESWC 2015 France,6/29/15,1828
,BenQ All-Star Showmatch #5,6/29/15,1829
,ESL One Cologne 2015 EU pre-qualifier #2,6/29/15,1830
,ESL One Cologne 2015 China pre-qualifier,6/30/15,1831
,CS Select #18,7/4/15,1832
"Helsinki, Finland",Assembly Summer 2015 AMD CS:GO Challenge,7/29/15,1833
,ESL One Cologne 2015 East Asia pre-qualifier,7/4/15,1834
,ESL One Cologne 2015 South-East Asia pre-qualifier,7/5/15,1835
,D!ngIT $2000 Weekly Cup #7,7/6/15,1836
Online,Uprise Champions Cup Season 3,7/6/15,1837
,BenQ All-Star Showmatch #6,7/8/15,1839
"Philadelphia, Pennsylvania, USA","WinOut $20,000 CS:GO Championships Powered by Azubu.tv",9/4/15,1840
,CS Select #19,7/10/15,1841
,Ballistix Challenge,7/10/15,1842
,ESWC 2015 Female,7/11/15,1843
,D!ngIT $2000 Weekly Cup #8,7/13/15,1844
,Rising Tornado #3,7/15/15,1845
,GameAgents League Season 2 Qualifier,7/19/15,1846
,D!ngIT $2000 Weekly Cup #9,7/20/15,1847
,CEVO Professional Season 8 Placement EU,8/10/15,1848
,CEVO Professional Season 8 Placement NA,8/10/15,1849
,IzakTV Summer Cup,7/22/15,1850
,CS Select #20,7/30/15,1851
,WinOut.net 20k Qualifier #1,7/23/15,1852
"Columbus, Ohio, USA",CEVO Professional Season 8 Finals,11/6/15,1853
,ESEA Premier Season 19 North America,7/27/15,1854
,D!ngIT $2000 Weekly Cup #10,7/27/15,1855
,99Damage Arena #10,7/28/15,1856
,xfunction Masters Season III,7/26/15,1857
,WinOut.net 20k Qualifier #2,8/12/15,1859
"Cologne, Germany",IEM Gamescom 2015,8/5/15,1861
,QuickShot Arena #1,7/29/15,1862
,CS Select #21,8/1/15,1864
"San Jose, California, USA",IEM San Jose 2015,11/21/15,1865
,Balkan SuperCup #1 LAN Finals,8/1/15,1866
,Golden Chance,8/2/15,1867
,Fight Night: Season I,8/9/15,1868
,99Damage Arena #11,8/3/15,1869
,D!ngIT $2000 Weekly Cup #12,8/10/15,1870
Online,World Championships 2015 European Qualifier,8/10/15,1871
,D!ngIT $2000 Weekly Cup #11,8/13/15,1872
,Multifrags Invitational 2015,8/7/15,1873
,World Championships 2015 North American Qualifier,8/5/15,1874
,ESL Major League Summer 2015,8/5/15,1875
,ESL ESEA Pro League Season 1 Relegation,8/10/15,1876
,PGL Season 1 NA Qualifier,8/9/15,1877
,NiP TV Female Challenge,8/9/15,1878
,ESL Sommermeisterschaft 2015 Finals,8/9/15,1879
,World Championships 2015 African Qualifier,8/10/15,1880
Online,GameAgents League Season 2,8/10/15,1881
"Dubai, United Arab Emirates",ESL ESEA Dubai Invitational 2015,9/10/15,1882
,CS Select #22,8/11/15,1883
,99Damage Arena #12,8/11/15,1884
,PGL Season 1 EU Qualifiers,8/11/15,1885
"Bucharest, Romania",PGL Season 1 Finals,10/2/15,1886
,QuickShot Arena #2,8/12/15,1887
,CS Select #24,8/14/15,1888
Online (Europe &amp; NA),CEVO Professional Season 8,8/16/15,1890
,D!ngIT $2000 Weekly Cup #13,8/17/15,1891
,DreamHack Open London 2015 Closed Qualifier,8/17/15,1892
,CS Select #25,8/18/15,1893
,Hitbox Arena Showdown Invitational #2,8/17/15,1894
Online,ESL UK Premiership Season 2,8/17/15,1895
,QuickShot Arena #3,8/19/15,1896
,D!ngIT $2000 Weekly Cup #14,8/24/15,1897
Online,99Damage League Season 1,8/25/15,1898
,CS Select #26,8/26/15,1899
Online,Rising Tornado #4,8/26/15,1900
Online,PGL Season 1,8/26/15,1901
,PGL Season 1 Replacement Qualifier,8/26/15,1902
,QuickShot Arena #4,8/26/15,1903
Online,World Championships 2015 Asian Qualifier,8/27/15,1904
,99Damage Arena #13,8/29/15,1905
,CS Select #27,8/29/15,1906
"Stockholm, Sweden",Fragbite Masters Champions Showdown,9/5/15,1907
,FACEIT League 2015 Stage 3 EU Open pre-qualifier #1,8/29/15,1908
,Insomnia 55,8/30/15,1909
,FACEIT League 2015 Stage 3 EU Open pre-qualifier #2,8/30/15,1910
Online,AlienTech CS:GO European Cup I,8/31/15,1911
Online,D!ngIT $2000 Weekly Cup #15,8/31/15,1912
Online,FACEIT League 2015 Stage 3 EU Closed Qualifier,9/1/15,1913
Online,DreamHack Open Cluj-Napoca 2015 EU pre-qualifier #1,9/5/15,1914
Online,DreamHack Open Cluj-Napoca 2015 EU pre-qualifier #2,9/12/15,1915
Online,iBUYPOWER Invitational Fall 2015,9/12/15,1916
Online,QuickShot Arena #5,9/2/15,1917
Online (Asia),DreamHack Open Cluj-Napoca 2015 Asian pre-qualifier,9/5/15,1918
Online,ESL Polish Championship Season 11,9/2/15,1919
Online,DreamHack Open Cluj-Napoca 2015 NA pre-qualifier,9/8/15,1920
"Moscow, Russia",Uprise Champions Cup Season 3 Finals,9/28/15,1921
,RGN Brazilian Open,9/4/15,1922
Online (Asia),MixBOT Pro-League Invite Season 1,9/11/15,1923
,WinOut.net 20k Last Chance Qualifier,9/4/15,1924
,ACL Melbourne 2015,9/6/15,1925
,eGaming CS:GO Championship 2015,9/6/15,1926
Online,D!ngIT $2000 Weekly Cup #16,9/7/15,1927
Online,Fragbite Masters Season 5,10/5/15,1928
Online,Fragbite Masters Season 5 Main Qualifier,9/28/15,1929
Online,QuickShot Arena #6,9/9/15,1930
,Balkan SuperCup #2 LAN Finals,9/13/15,1931
,99Damage Arena #14,9/13/15,1932
,D!ngIT $2000 Weekly Cup #17,9/14/15,1933
Online (Europe &amp; NA),ESL ESEA Pro League Season 2,9/15/15,1934
Online,FACEIT League 2015 Stage 3 NA Closed Qualifier,9/15/15,1935
Online,FACEIT League 2015 Stage 3 OCE Closed Qualifier,9/21/15,1936
Online,FACEIT League 2015 Stage 3,9/15/15,1937
,Hitbox Arena Showdown Invitational #3,9/14/15,1938
Online,RGN Freedom Cup,9/15/15,1939
,LevelDown Championship,9/15/15,1940
,QuickShot Arena #7,9/16/15,1941
Online,Global Offensive Champions League Season 2,9/16/15,1942
Online,99Damage Masters #3,9/17/15,1943
,Rising Showmatch,9/18/15,1944
,xfunction Challenger 2,9/27/15,1945
Online,D!ngIT $2000 Weekly Cup #18,9/21/15,1946
,eSports Arena Inaugural $5k Open ,9/21/15,1947
Online,QuickShot Arena #8,9/23/15,1948
"Melbourne, Australia",Crown&apos;s Counter-Strike Invitational,10/10/15,1949
Online,D!ngIT $2000 Weekly Cup #19,9/28/15,1950
Online,UnderDogs #1,9/28/15,1951
Online,CSHUB Series Season 1,9/29/15,1952
"Lodz, Poland",ESL Polish Championship Season 11 Finals,10/3/15,1953
"Austin, Texas, USA",DreamHack Austin 2016,5/6/16,1954
Online,QuickShot Arena #9,9/30/15,1955
Online,LVP Season 9 Divisin de Honor Sprint #1,10/1/15,1956
Online,Milan Games Week 2015 League by FACEIT,10/1/15,1957
"Krefeld, Germany",Acer Predator Masters powered by Intel Season 2 Finals,2/11/16,1958
Online,Acer Predator Masters powered by Intel Season 2,10/5/15,1959
"Santa Ana, California, USA",iBUYPOWER Cup 2015,11/14/15,1960
Online,Rising Tornado #5,10/3/15,1961
,JCG CS:GO Premier 2015 Summer,10/3/15,1962
,MWEB GameZone Masters Series,10/3/15,1963
,SocialNat Master League,10/3/15,1964
,CSHR Championship Season 2,10/4/15,1965
,D!ngIT Sunday Brawl,10/4/15,1966
Online,D!ngIT $2000 Weekly Cup #20,10/5/15,1967
"Santa Ana, California, USA",RGN Pro Series Championship,11/16/15,1968
,QuickShot Arena #10,10/7/15,1969
"Online (Europe, NA &amp; China)",SL i-League StarSeries XIV,10/14/15,1970
,Crown Invitational - Aus Qualifier,10/9/15,1971
,League of Sharks,10/10/15,1972
,King of Nordic Season 2,10/9/15,1973
,D!ngIT $2000 Weekly Cup #21,10/12/15,1974
Online,AlienTech CS:GO TiTans I,10/12/15,1975
,QuickShot Showmatches,10/14/15,1976
"Leipzig, Germany",DreamHack ZOWIE Open Leipzig 2016,1/22/16,1977
"Minsk, Belarus",SL i-League StarSeries XIV Finals,1/13/16,1978
Online (Asia),MixBOT Pro-League Invite Season 2,10/16/15,1979
,Azubu.tv Showmatch,10/16/15,1980
,Jimm&apos;s CS:GO Challenge,10/17/15,1981
"Philadelphia, Pennsylvania, USA",Fragadelphia 6,10/16/15,1982
,D!ngIT $2000 Weekly Cup #22,10/19/15,1983
,QuickShot Arena #11,10/21/15,1984
,RGN European Open,10/21/15,1985
"Los Angeles, California, United States",ESL ESEA Pro League Season 2 Finals,12/10/15,1986
,Ascendancy Cup #1,10/24/15,1987
,ESL UK Premiership Season 2 Finals,10/24/15,1988
,AlienTech CS:GO TiTans I Finals,10/24/15,1989
,Uprise Champions Cup: Europe CIS Qualifier,10/24/15,1990
,Milan Games Week 2015 League by FACEIT Finals,10/25/15,1991
,D!ngIT $2000 Weekly Cup #23,10/26/15,1992
,QuickShot Arena #12,10/28/15,1993
,ASUS ROG Nordic Challenge,10/30/15,1994
,D!ngIT CS:GO Asia Invitational Season 1,10/31/15,1995
,CyberGamer Premier League 4 Finals,10/31/15,1996
,D!ngIT $2000 Weekly Cup #24,11/2/15,1998
,SoStronk KOTH Asia #1,11/4/15,1999
,Uprise Champions Cup: Europe EU Qualifier,11/4/15,2000
,QuickShot Arena #13,11/4/15,2001
,SLTV ProSeries XIV,11/6/15,2002
,Virtus.pro Staff Cup #3,11/7/15,2003
,MR 2015,11/7/15,2004
,Swelder&apos;s Showmatch,11/8/15,2005
,Counter Pit League Season 2 Qualifier,11/9/15,2006
,D!ngIT $2000 Weekly Cup #25,11/9/15,2007
"So Paulo, Brazil",MAX5 Invitational,1/6/16,2009
,QuickShot Arena #14,11/11/15,2010
,LVP Season 9 Division de Honor Sprint #2,11/11/15,2011
,STARSLeague,11/12/15,2012
"Vilnius, Lithuania",Game Show Global eSports Cup 2016 Finals,2/4/16,2013
"Barvikha, Russia",CIS LAN Championship #2,11/16/15,2014
,Game On Invitational,11/15/15,2015
,Red Dot Closed Qualifier,11/15/15,2016
,Global Grand Masters #1,11/16/15,2017
,BenQ All-Star Showmatch #7,11/16/15,2018
,D!ngIT $2000 Weekly Cup #26,11/16/15,2019
,99Damage League Season 2,11/18/15,2020
,QuickShot Arena #15,11/19/15,2021
,D!ngIT &amp; NCSC Korea S1 Qualifier,11/20/15,2022
,AlienTech AllStars,11/20/15,2023
,Game Show Global eSports Cup 2016,11/20/15,2024
,Gothenburg Games 2015,11/20/15,2025
,Color League by EIZO &amp; QPAD,11/21/15,2026
"Columbus, Ohio, USA",MLG Columbus 2016,3/29/16,2027
,Gfinity CS:GO UK Championship Finals,11/21/15,2028
,D!ngIT $2000 Weekly Cup Qualifier,11/22/15,2029
,D!ngIT $2000 Weekly Cup #27,11/23/15,2030
,99Damage Arena #15,11/23/15,2031
,Fulcrum Gamers League,11/26/15,2032
Online,Uprise Champions Cup: Europe,11/25/15,2033
"Split, Croatia",Counter Pit League Season 2 Finals,3/17/16,2034
,QuickShot Arena #16,11/25/15,2035
"Katowice, Poland",IEM Katowice 2016,3/2/16,2036
,ESL South East Europe Championship Season 2 Finals,11/28/15,2037
,Capital NEO Gaming Cup 2015,11/28/15,2039
,ESEA Premier Season 20 North America,12/1/15,2040
,D!ngIT $2000 Weekly Cup #28,11/30/15,2041
Online,Counter Pit League Season 2,11/30/15,2042
,99Damage Arena #16,11/30/15,2043
,UCC ShowMatch Cup,12/1/15,2044
,QuickShot Arena NA #1,12/1/15,2045
,Red Dot Invitational,12/1/15,2046
,D!ngIT $2000 Weekly Cup #29,12/7/15,2047
,QuickShot Arena #17,12/2/15,2048
,SoStronk Challenger Asia #1,12/3/15,2050
,D!ngIT CS:GO Asia Invitational Season 2,12/7/15,2051
"Cali, Colombia",TecnoLAN Pasarela 2015 LAN Finals,12/4/15,2052
"Madrid, Spain",LVP Season 9 Division de Honor Finals,12/4/15,2053
"Toronto, Canada",Northern Arena 2015,12/5/15,2054
,ESL Meisterschaft Winter 2015 Finals,12/5/15,2055
"Beijing, China",Fulcrum Gamers League Finals,1/8/16,2056
"Shanghai, China",SL i-League StarSeries XIV China Finals,12/17/15,2057
,99Damage Arena #17,12/7/15,2058
"Copenhagen, Denmark",Copenhagen Games 2016,3/25/16,2059
"Stockholm, Sweden",ESL Nordic Nationals Winter 2015 Finals,12/19/15,2060
,QuickShot Arena #18,12/9/15,2061
"Cologne, Germany",ESL One Cologne 2016,7/5/16,2062
"Taipei, Taiwan",IEM Taipei 2016,1/29/16,2063
"Bucharest, Romania",PGL Regional Minor Championship Europe,1/29/16,2064
,RGN Showseries,12/11/15,2065
"Buenos Aires, Argentina",Gigabyte Top League Finals,12/13/15,2066
"Johannesburg, South Africa",BHG CS:GO Tournament,12/12/15,2067
"Columbus, Ohio, USA",MLG Americas Minor Championship,1/15/16,2068
Online,MLG Columbus 2016 Last Chance NA pre-qualifier,1/23/16,2069
Online,MLG Columbus 2016 Last Chance EU/CIS pre-qualifier,2/2/16,2070
"Columbus, Ohio, USA",MLG Columbus 2016 Main Qualifier,2/26/16,2071
,SoStronk KOTH Asia #2,12/13/15,2072
,D!ngIT $2000 Weekly Cup #30,12/14/15,2073
,Game On Asian Invitational,12/13/15,2074
,Operation: Kinguin,12/14/15,2075
,AlienTech CS:GO European Cup II,12/14/15,2076
"Minsk, Belarus",StarLadder Regional Minor Championship CIS,1/22/16,2077
,QuickShot Arena NA #2,12/15/15,2078
,Game On European Invitational,12/14/15,2079
"Las Vegas, Nevada, USA",ELEAGUE Road to Vegas,1/7/16,2080
,ELEAGUE Road to Vegas Closed EU Qualifier,12/15/15,2081
,ELEAGUE Road to Vegas Closed NA Qualifier,12/16/15,2082
,QuickShot Arena #19,12/16/15,2083
,99Damage Arena #18,12/17/15,2084
,ESL ESEA Pro League Season 2 Relegation,12/16/15,2085
,Rising Stars Balkan #2,12/18/15,2086
,ASUS Finals 9,12/19/15,2087
,Play It Cool CS:GO Community Challenge,12/19/15,2088
,AFKG MENA Championship,12/18/15,2089
,D!ngIT $2000 Weekly Cup #31,12/21/15,2090
,Uprise Champions Cup Season 4 Pre-Qualifier,12/21/15,2091
,StarLadder Regional Minor Championship CIS Closed Qualifier,12/21/15,2092
,D!ngIT Asia Invitational Group B,12/27/15,2093
,D!ngIT &amp; NCSC Korea Qualifier Season2,1/1/16,2094
,D!ngIT $2000 Weekly Cup #32,1/4/16,2095
,QuickShot Arena #20,1/6/16,2096
,PGL Regional Minor Championship Europe Qualifiers,1/6/16,2097
,99Damage Arena #19,1/7/16,2098
"Malm, Sweden",DreamHack Masters Malm 2016,4/12/16,2099
"Barcelona, Spain",ESL Barcelona CS:GO Invitational presented by Mobile World Congress,2/19/16,2100
,D!ngIT $2000 Weekly Cup #33,1/11/16,2101
"Helsinki, Finland",Assembly Winter 2016,2/5/16,2102
,Tuddinn LAN 1 | 2016,1/10/16,2103
,DreamHack Open Leipzig 2016 Closed Qualifier,1/10/16,2104
,RGN European Open II,1/11/16,2105
,RGN Winter Classic II,1/12/16,2106
,Rising Stars South America #1,1/15/16,2107
,IEM Taipei 2016 Chinese Qualifier,1/12/16,2108
"Jnkping, Sweden",DreamHack ZOWIE Open Summer 2016,6/18/16,2109
"Jnkping, Sweden",DreamHack ZOWIE Open Winter 2016,11/24/16,2110
,Operation: Kinguin #2 Closed Qualifier,1/13/16,2111
"Bucharest, Romania",DreamHack ZOWIE Open Bucharest 2016,9/16/16,2112
,99Damage Masters #4,1/14/16,2113
,IEM Taipei 2016 Oceania Qualifier,1/16/16,2114
,Rising Stars North Africa #1,1/16/16,2115
,IEM Taipei 2016 East Asia Qualifier,1/17/16,2116
,Game On King of the Hill,1/17/16,2117
,IEM Katowice 2016 EU Qualifier #1,1/17/16,2118
Online,Operation: Kinguin #2,1/18/16,2119
,D!ngIT $2000 Weekly Cup #34,1/19/16,2121
,Rising Stars South-East Asia #1,1/19/16,2122
,ESL Barcelona European Qualifier,1/19/16,2123
Online (NA &amp; EU),ESL Pro League Season 3,2/9/16,2124
Online,D!ngIT $2000 Weekly Cup #35,1/25/16,2125
Online,Rising Stars CIS #1,1/26/16,2126
Online,Rising Stars Europe #1,1/30/16,2127
Online,IEM Katowice 2016 EU Qualifier #2,1/25/16,2128
Online,Uprise Champions Cup Season 4 Qualifier,1/28/16,2129
"London, United Kingdom",ESL Pro League Season 3 Finals,5/11/16,2130
Online,GO:NA,2/3/16,2133
Online,Mineski Shootout Season II,2/4/16,2134
"Atlanta, Georgia, USA",ELEAGUE Season 1,5/24/16,2135
Online,Rising Stars Female,2/5/16,2136
Online,King of Nordic Season 3,2/19/16,2137
Online,Binary Dragons Hellstore Winter Cup,2/6/16,2138
,Posk eSports Challenge,2/7/16,2139
Online,CEVO Gfinity Professional Season 9 Placement EU,2/10/16,2140
Online,CEVO Gfinity Professional Season 9 Placement NA,2/11/16,2141
"Cape Town, South Africa",GWZA Season 1 Finals,2/13/16,2142
Online,IEM Katowice 2016 NA Qualifier,2/13/16,2143
Online,D!ngIT Fareast Asia Invitational Season 2,2/15/16,2144
Online,UnderDogs #2,2/15/16,2145
Online,Game On: CSGOCIRCLE.COM Invitational,2/15/16,2146
Online,AlienTech CS:GO League Season I,2/15/16,2147
"Stockholm, Sweden",Pantamera CS:GO Challenge 2016,2/27/16,2148
"lmhult, Sweden",Nordic Masters Season 2 Finals,2/19/16,2149
"London, United Kingdom",CEVO Gfinity Professional Season 9 Finals,4/28/16,2150
Online,Betway Aftonbladet Fight Night #3,2/25/16,2151
Online (NA &amp; EU),CEVO Gfinity Professional Season 9,2/18/16,2152
Online,Born To Win Invitational League #1,2/20/16,2153
"Kettering, UK",epic.SEVENTEEN,2/21/16,2154
Online,DreamHack Masters Malm 2016 NA Closed Qualifier,2/21/16,2155
"Krakow, Poland",Cracow Game Spot 2016,2/21/16,2156
Online,Balkan Challenge #1,2/22/16,2157
Online,Game Show Spring Invitational 2016,2/22/16,2158
Online,Stream.me Gauntlet ,2/24/16,2159
Chengde,China Cup 2017,3/17/17,2160
China,CSL 2016 Finals,9/24/16,2161
"Katowice, Poland",Intel Challenge Katowice 2016,3/5/16,2162
Online,Binary Dragons Cup 2,3/6/16,2163
Online,Razer Rising Stars European League Qualifiers,3/8/16,2164
Online,Global Offensive Champions League Season 3,3/9/16,2165
"Cape Town, South Africa",Telkom DGL Masters 2016 Cape Town,3/18/16,2166
Online,iBUYPOWER Invitational Spring 2016,3/19/16,2168
,EsportFest 2016,3/12/16,2169
Online,Razer Rising Stars South American League Qualifiers,3/12/16,2170
Online,DreamHack Masters Malm 2016 Asia Open Qualifier,3/12/16,2171
Online,DreamHack Masters Malm 2016 Asia Closed Qualifier,3/13/16,2172
Online,DreamHack Masters Malm 2016 Europe Closed Qualifier #1,3/13/16,2173
Online,DreamHack Masters Malm 2016 Europe Closed Qualifier #2,3/20/16,2174
Online,DreamHack Masters Malm 2016 Europe Open Qualifier #1,3/12/16,2175
Online,Uprise Champions Cup Season 4,3/14/16,2176
Online,WCA Season 1 Qualifier,3/15/16,2177
,Personal Gamer,3/15/16,2178
"Porto, Portugal",AlienTech CS:GO League Season I Finals,4/8/16,2179
"Porto, Portugal",AlienTech CS:GO Invitational I,3/18/16,2180
,Dust2.dk eOddset Kinguin #1,6/25/16,2181
,Komplett Barcraft eXperience,3/19/16,2182
"Buenos Aires, Argentina",Gigabyte Top League #3 Finals,3/19/16,2183
Online,DreamHack Masters Malm 2016 Europe Open Qualifier #2,3/19/16,2184
Online,Hitbox Challenger Cup,3/21/16,2185
Online,SL I-League Invitational #1 EU Qualifiers,3/21/16,2186
"Kiev, Ukraine",SL i-League Invitational #1,5/19/16,2187
Online,Balkan Championship Season 3,3/22/16,2188
,Razer Rising Stars NA League Qualifiers,3/25/16,2189
"Copenhagen, Denmark",Copenhagen Games 2016 BYOC Qualifier,3/24/16,2191
,RGN 2016 Pro Series Open Qualifier,3/25/16,2192
"Copenhagen, Denmark",Copenhagen Games 2016 female,3/25/16,2193
,Razer Rising Stars SEA League Qualifiers,3/28/16,2194
,Gamers Assembly 2016,3/27/16,2195
,ICL 30,3/27/16,2196
Online,DreamHack Austin 2016 Closed Qualifier,3/27/16,2197
,Insomnia 57,3/28/16,2198
,Yoggi Yalla Cup,6/14/16,2199
,SL i-League Invitational China Qualifier,4/14/16,2200
Columbus,MLG Columbus 2016 All-Star Match,4/3/16,2201
Online,ECS Season 1 Qualifier,4/6/16,2202
,BOT World Championship 2016,4/9/16,2203
,PGL KeSPA Minor China Qualifier,4/9/16,2204
,Liga PRO GamersClub - MAR/16,4/9/16,2206
,CS Reunion @Inferno Online,4/9/16,2207
Online,ECS Season 1,4/10/16,2208
,ESEA Premier Season 21 North America,4/10/16,2209
,ESEA Premier Season 21 Europe,4/10/16,2210
"Seoul, South Korea",PGL KeSPA Regional Minor Championship Asia,5/5/16,2211
"Tours, France",DreamHack Regional Minor Championship Europe at DH Tours 2016,5/14/16,2212
Moscow,Sawik Showmatch,6/29/16,2213
"Burbank, California, USA",ESEA Premier Season 21 North America Finals,5/15/16,2214
"Leicester, United Kingdom",ESEA Premier Season 21 Europe Finals,5/7/16,2215
Online,PGL KeSPA Minor SEA Qualifier,4/14/16,2216
Online,WCA 2016 APAC Qualifier,4/15/16,2217
,PGL National Division Season 1 Finals,4/16/16,2218
Online,Rising Stars SEA Promotional Cup,4/20/16,2219
Online,StarLadder Regional Minor Championship CIS #2 Closed Qualifier,4/20/16,2221
,PGL KeSPA Minor Oceania Qualifier,4/21/16,2222
"Columbus, Ohio, USA",MLG Regional Minor Championship Americas,5/19/16,2223
"Moscow, Russia",StarLadder Minor CIS - Cologne 2016,4/28/16,2224
,HTC 1v1 Invitational by PGL,4/24/16,2225
Online,Rising Stars South America Promotional Cup,4/23/16,2226
"Beijing, China",Pro Gamers League 2016 Spring,4/22/16,2227
Online,DreamHack Regional Minor Championship Europe Open Qualifier #1,4/23/16,2228
Online,DreamHack Regional Minor Championship Europe Closed Qualifier #1,4/24/16,2229
Online,MLG Regional Minor South America Qualifier,4/25/16,2230
Online,Rising Stars Africa Promotional Cup,4/27/16,2231
Online,Operation: Kinguin #3,4/27/16,2232
,BenQ All-Star Showmatch #8,4/27/16,2233
Online,DreamHack Regional Minor Championship Europe Open Qualifier #2,4/30/16,2234
Online,DreamHack Regional Minor Championship Europe Closed Qualifier #2,5/1/16,2235
,TIGER MASTERS Mid-season Finals,5/1/16,2236
Online,xfunction Challenge,5/3/16,2238
"New York City, New York, USA",ESL One New York 2016,9/30/16,2239
"Beijing, China",WCA Season 1 APAC Finals,5/18/16,2240
,King of Nordic Season 4,9/9/16,2241
Online,Liga PRO GamersClub - APR/16,5/6/16,2242
"Duisburg, Germany",ESL Meisterschaft Spring 2016 Finals,5/7/16,2243
,Game Ninja 2016,5/7/16,2244
,Telenor League Spring 2016,5/8/16,2245
,BirdieLAN 26,5/7/16,2246
Online,MLG Regional Minor North America Qualifier,5/8/16,2247
"London, United Kingdom",ECS Season 1 Finals,6/24/16,2248
"Bucharest, Romania",PC Garage Clutch Masters by Steelseries,5/14/16,2249
,CS:GO Danmark League #1,5/15/16,2250
,HyperX Cup Finals,5/15/16,2251
Online,Razer Rising Stars South American League Season 1,5/17/16,2252
,UnderDogs #3,6/21/16,2253
Online,Razer Rising Stars European League Season 1,5/17/16,2254
Online,RGN Pro Series II EU Closed Qualifier,5/17/16,2255
"Beijing, China",WCA Season 1 China Finals,5/18/16,2256
,Fragadelphia 8,5/23/16,2257
"Katowice, Poland",ESL One Cologne 2016 Main Qualifier,6/9/16,2258
,PLAYzone League I LAN Finals,5/21/16,2259
,Tuddinn Spring 2016 LAN Finals,5/21/16,2260
"Oakland, California, USA",IEM Oakland 2016,11/16/16,2261
Online,BlasterX INETKOX League Season 1,5/25/16,2262
Online (China),H-Cup Season 1,5/25/16,2263
,ESL Pro League Season 3 Relegation,5/25/16,2264
,XLG CS:GO Season 1,7/2/16,2265
,GeForce CUP at ESPORT NOW 2016,5/29/16,2266
,AlienTech CS:GO Invitational II,5/29/16,2268
,Global Offensive Champions League Season 4,8/22/16,2269
,DreamHack ZOWIE Open Summer 2016 Open Qualifier #1 ,5/28/16,2270
,DreamHack ZOWIE Open Summer 2016 Closed Qualifier #1 ,5/29/16,2271
,ESL South East Europe Championship Season 3 Finals,5/29/16,2272
,CyberPowerPC Summer 2016 Qualifier #1,5/30/16,2273
,MSI Baltic Pro League Season 1,6/4/16,2274
,DreamHack ZOWIE Open Summer 2016 Open Qualifier #2,6/4/16,2275
,Liga PRO GamersClub - MAY/16,6/4/16,2276
,DreamHack ZOWIE Open Summer 2016 Closed Qualifier #2,6/5/16,2277
"Moscow, Russia",Adrenaline Open Cyber Cup,6/5/16,2278
,Tuddinn LAN 2 | 2016,6/5/16,2279
Online,MixBOT Pro-League Golden,6/8/16,2280
Europe,owayo Masters I,6/7/16,2281
,X-Kom Clash,6/12/16,2282
Online,Game On CS:GO June Invitational,6/13/16,2283
,WCA Season 2 China Qualifier,7/7/16,2284
"Toronto, Canada",Northern Arena 2016 - Toronto,9/1/16,2285
"Montreal, Canada",Northern Arena 2016 - Montreal,11/10/16,2286
,Rumble Town Aim Night,6/17/16,2287
"Beijing, China",NEA 2016 Finals ,7/1/16,2288
,ESPORTSM 2016 Finals,6/18/16,2289
,H-Cup Season 2,6/28/16,2290
,World Championships 2016 Asian Qualifier,6/22/16,2291
"Valencia, Spain",DreamHack Valencia 2016,7/15/16,2292
,RoG Finals 10,6/26/16,2293
,MPGL Season 8 Finals,6/25/16,2294
,CyberPowerPC Summer 2016 Qualifier #2,6/27/16,2295
Online,Hitbox Challenger Cup #2,6/27/16,2296
,World Championships 2016 Oceanic Qualifier,6/30/16,2297
,King of Nordic&apos;s Challenger Cup at DigitalityX,7/2/16,2298
,AlienTech CS:GO TiTans II Finals,7/3/16,2299
,ESL National Championship France Summer 2016,7/2/16,2300
,CyberGamer Oceania eSports Masters,7/3/16,2301
,ESL UK Premiership Spring 2016 Finals,7/3/16,2302
"Seoul, Korea",VSL Season 1,7/3/16,2303
,Infinity Coliseum LAN 33,7/3/16,2304
,World Championships 2016 South American Qualifier,7/6/16,2305
"So Paulo, Brazil",ESL Pro League Season 4 Finals,10/26/16,2306
,G-League Lan Final,7/8/16,2307
Vilnius,Game Show Open Season 4 Playoffs,7/9/16,2308
,IGL Lan Final,7/9/16,2309
"Sydney, Australia",ESL Australia &amp; NZ Championship Season 1 Finals,7/23/16,2310
"Belgrade, Serbia",World Championship 2016,10/6/16,2311
,Liga PRO GamersClub - JUN/16,7/14/16,2312
Online,iBUYPOWER Invitational Summer 2016,7/16/16,2313
"Helsinki, Finland",ASUS ROG Summer 2016,8/5/16,2314
Online,GG Masters,7/14/16,2315
Saint Petersburg,StarLadder Female Stars Championship,7/16/16,2316
"Belgrade, Serbia",GamePub 2016,7/16/16,2317
Online,SL i-League S2 China Qualifier,7/19/16,2318
"Wuhan, China",Pro Gamer League 2016 Summer Finals,7/22/16,2319
"Sydney, Australia",CyberGamer Oceania eSports Masters Finals,8/20/16,2320
Online,WCA 2016 EU Closed Qualifier,7/18/16,2321
,King of Adria,8/31/16,2322
Hong Kong,eSports Festival 2016,8/21/16,2323
"Odense, Denmark",Power-LAN 2016,8/26/16,2324
"Kiev, Ukraine",SL i-League StarSeries Season 2 Finals,9/7/16,2325
Online,Stream.me Gauntlet EU #1,7/23/16,2326
,GSL Baltics Samsung Open by Gameshow,7/23/16,2327
,SL i-League S2 Europe Qualifier,7/25/16,2329
"Cape Town, South Africa",ESWC 2016 South African Qualifier,7/29/16,2330
Online,World Championships 2016 North American Qualifier,7/25/16,2331
,StarPrime CyborWars 2016,7/27/16,2332
,UnderDogs #4,7/25/16,2333
Online,WESG 2016 Denmark,9/22/16,2334
Online,Betway Invitational,7/30/16,2335
"Buenos Aires, Argentina",GTL Tecnofields 2016,8/10/16,2336
"Shanghai, China",SL i-League S2 China Finals,8/4/16,2337
"Shanghai, China",2016 D-Fire Lan Final,7/31/16,2338
So Paulo,ESL Brazil Premier League #1,7/31/16,2339
"Paris, France",ESWC 2016,10/27/16,2340
,World Championships 2016 African Qualifier,8/3/16,2341
,ESL Meisterschaft Summer 2016 Finals,8/20/16,2343
Online,E-Sports Festival CS:GO Tournament Closed Qualifier,8/2/16,2344
"Moscow, Russia",Adrenaline Cyber League Finals,9/30/16,2345
,99Damage League Season 3,8/6/16,2346
,ESWC 2016 Portugal,10/2/16,2347
,Adrenaline Cyber League,8/4/16,2348
Online,World Championships 2016 European Qualifier,8/8/16,2349
"Katowice, Poland",ESEA Season 22 Global Challenge,8/27/16,2350
"Belgrade, Serbia",Serbian First League S1 LAN Finals,9/4/16,2351
,ESEA Premier Season 22 North America,8/4/16,2352
,ESEA Premier Season 22 Europe,8/4/16,2353
,BalkanTube Fest,8/4/16,2354
Helsinki,Peliliiga eSM 2016,8/4/16,2355
"Dubai, United Arab Emirates",WESG 2016 Africa &amp; Middle East Regional Finals,8/26/16,2356
Online,CyberPowerPC Summer 2016 Pro Series,8/27/16,2357
Online,ECS Season 2 EU Development League Open Qualifier #1,8/6/16,2358
,ESEA Open Season 22 Asia,8/6/16,2359
"Hong Kong, Hong Kong",ROG CS:GO Hong Kong Tournament,8/6/16,2360
,ESEA Open Season 22 Brazil,8/8/16,2361
,Liga PRO GamersClub - JUL/16,8/12/16,2362
,SL i-League S2 Americas Qualifier,8/8/16,2364
,ESEA Open Season 22 South Africa,8/8/16,2365
,ESEA Open Season 22 Oceania,8/10/16,2366
"Anaheim, California, USA",ECS Season 2 Finals,12/9/16,2367
Online,ESL Pro League Season 4 - North America,8/17/16,2368
Online,ESL Pro League Season 4 - Europe,8/17/16,2369
,ESL Pro League Season 4 - Europe Wild Card,8/15/16,2370
,ESL Pro League Season 4 - North America Wild Card,8/17/16,2371
,ESL Australia  &amp; NZ Championship Season 2 Open Qualifier,8/14/16,2372
Online,ECS Season 2 EU Development League Open Qualifier #2,8/14/16,2373
,WESG 2016 South &amp; East Africa,8/14/16,2374
,WESG 2016 North &amp; West Africa,8/14/16,2375
,WESG 2016 Middle East,8/14/16,2376
,WESG 2016 Turkey,8/14/16,2377
"Sofia, Bulgaria",ESWC 2016 Bulgaria,9/3/16,2379
,Betway WCA 2016 EU Main Qualifier,8/19/16,2380
Tallinn,TTU e-Sport Summer 2016,8/20/16,2381
Online,DreamHack ZOWIE Open Bucharest 2016 Closed Qualifier,8/21/16,2382
Online,ECS Season 2 EU Development League Open Qualifier #3,8/21/16,2383
,ECS Season 2 EU Development League Open Qualifier #4,8/28/16,2384
"Beirut, Lebanon",GROUND ZERO - Summer 2016,8/21/16,2385
,ESL Australia &amp; NZ Championship Season 2,8/20/16,2386
,Liga PRO GamersClub - AUG/16,8/27/16,2387
,ESL Brazil Premier League #2,8/27/16,2388
"Sofia, Bulgaria",Game Evolution,9/11/16,2389
"Kiev, Ukraine",WESG 2016 Europe &amp; CIS Regional Finals,10/6/16,2390
"So Paulo, Brazil",Brasil Game Cup 2016,9/2/16,2391
,Insomnia 58,8/28/16,2392
,EPICENTER: Moscow EU Open Qualifier,8/28/16,2393
,EPICENTER: Moscow CIS Open Qualifier,8/28/16,2394
,EPICENTER: Moscow EU Closed Qualifier,8/28/16,2395
,EPICENTER: Moscow CIS Closed Qualifier,9/5/16,2397
"Kunshan, China",eXTREMESLAND China Finals,8/30/16,2398
,ELEAGUE Season 2 Europe Open Qualifier #1,9/3/16,2399
,ELEAGUE Season 2 Europe Open Qualifier #2,9/4/16,2400
,ELEAGUE Season 2 Europe Open Qualifier #3,9/5/16,2401
,ELEAGUE Season 2 Europe Closed Qualifier,9/7/16,2402
,ELEAGUE Season 2 North America Open Qualifier #1,9/10/16,2403
,ELEAGUE Season 2 North America Open Qualifier #2,9/11/16,2404
,ELEAGUE Season 2 North America Open Qualifier #3,9/12/16,2405
,ELEAGUE Season 2 North America Closed Qualifier,9/14/16,2406
"Atlanta, Georgia",ELEAGUE Season 2,10/21/16,2407
"Pretoria, South Africa",Evetech Champions League 2016,9/2/16,2408
"Suzhou, China",WESG 2016 China Finals,10/1/16,2409
"Moscow, Russia",EPICENTER: Moscow,10/17/16,2410
"Shanghai, China",eXTREMESLAND Asia Finals 2016,9/22/16,2411
,ESL One New York 2016 Europe Qualifier,9/4/16,2412
,ESL One New York 2016 North America Qualifier,9/12/16,2413
,CyberGamer Intermediate Season 8 Finals,8/30/16,2414
"Tunis, Tunisia",Esports Tunisian Cup 2016,9/2/16,2415
"Bucharest, Romania",PGL National Division Season 2 Finals,9/3/16,2416
Beijing,WCA Season 2 China Finals,9/3/16,2417
,Argentina Game Show 2016,9/7/16,2418
,ECS Season 2 EU Development League,9/9/16,2419
,ECS Season 2 NA Development League,9/9/16,2420
Buenos Aires,Argentina Game Show 2016 Finals,9/24/16,2421
,QuickShot Arena #21,9/7/16,2422
"Kuala Lumpur, Malaysia",ROG MASTERS Asia 2016,11/10/16,2423
,EB Expo Sydney 2016 Qualifier #1,9/10/16,2424
,EB Expo Sydney 2016 Qualifier #2,9/10/16,2425
,EB Expo Sydney 2016 Qualifier #3,9/11/16,2426
,EB Expo Sydney 2016 Qualifier #4,9/11/16,2427
Online,ROG MASTERS 2016 Oceania Qualifier,9/10/16,2428
,Fragadelphia 9,9/12/16,2429
,Gauntlet: Fight for the Crown,12/2/16,2430
"Krefeld, Germany",Predator Masters 3,11/3/16,2431
,Mr. Cat Masters Asian,9/16/16,2432
"Seoul, Korea",VSL Season 2,9/25/16,2434
"Birmingham, United Kingdom",Gfinity CS:GO Invitational 2016,9/23/16,2435
Online,QuickShot Arena #22,9/14/16,2436
,WESG 2016 South East Europe,9/14/16,2437
,WESG 2016 Iberia,9/16/16,2438
Online,King of the King,9/16/16,2439
Online,WESG 2016 Norway,9/18/16,2440
,iBUYPOWER Invitational Fall 2016,9/17/16,2441
Online,ROG MASTERS 2016 East Asia Qualifier ,9/17/16,2442
Online,WESG 2016 Sweden,9/17/16,2443
Online,Dust2.dk eOddset #2,9/18/16,2444
Online,WESG 2016 France &amp; Monaco,9/19/16,2445
Online,WESG 2016 Central Asia,9/20/16,2446
"Reykjavk, Iceland",Tengillinn LAN 2-2016,11/5/16,2447
Online,WESG 2016 Adriatica,9/21/16,2448
Online,WESG 2016 Poland,9/21/16,2449
Online,WCA WCC Russia Qualifier,9/21/16,2450
Online,QuickShot Arena #23,9/21/16,2451
"So Paulo, Brazil",WESG 2016 North &amp; South Americas Regional Finals,10/21/16,2452
"Goyang, South Korea",WESG 2016 Asia-Pacific Regional Finals,11/10/16,2453
"Costa Mesa, California, USA",iBUYPOWER Masters 2016,11/12/16,2454
Online,WESG 2016 South Asia,9/22/16,2455
Online,ROG MASTERS 2016 Southeast Asia Qualifier,9/24/16,2456
"Lodz, Poland",ESL Polish Championship 2016,10/1/16,2457
Online,WESG 2016 Benelux,9/23/16,2458
Online,WESG 2016 Ukraine,9/24/16,2459
Online,WESG 2016 Russia,9/24/16,2460
Online,"WESG 2016 The UK, Ireland &amp; Iceland ",9/24/16,2461
Online,WESG 2016 Northern Europe &amp; Post CIS,9/27/16,2462
Online,WESG 2016 Germany,9/28/16,2463
Online,WESG 2016 Central Europe,9/28/16,2464
,WESG 2016 New Zealand,9/30/16,2465
,WESG 2016 Australia,10/14/16,2466
Online,Kinguin for Charity with PayPal,9/27/16,2467
Online,QuickShot Arena #24,9/28/16,2468
Online,WESG 2016 United States,9/27/16,2469
,WESG 2016 India &amp; South-East Asia,9/27/16,2470
"Atlanta, Georgia, USA",ELEAGUE Major 2017,1/22/17,2471
"Atlanta, Georgia, USA",ELEAGUE Major Main Qualifier,12/15/16,2472
,WESG 2016 Philippines,9/28/16,2473
Online,WESG 2016 Canada,9/27/16,2474
"Sydney, Australia",EB Expo Sydney Finals,9/30/16,2475
Online,ESL Benelux Winter Championship 2016,9/28/16,2476
"Amsterdam, Netherlands",ESL Benelux Winter Championship 2016 Finals,11/26/16,2477
So Paulo,Intel Gaming Challenge,9/29/16,2478
,WESG 2016 Other Americas,9/29/16,2479
,ESL Australia &amp; NZ Championship Season 2 Finals,11/4/16,2480
,WESG 2016 Mexico,9/30/16,2481
"Jakarta, Indonesia",IeSF World Championship 2016,10/6/16,2482
,WESG 2016 Peru,10/1/16,2483
Talca,GamesNet.cl League,10/1/16,2484
,WESG 2016 Argentina,10/1/16,2485
,"WESG 2016 Taiwan, Hong Kong &amp; Macau",10/2/16,2486
,Slovak Championship 2016,10/2/16,2487
,WESG 2016 South America,10/3/16,2488
"Fredericia, Denmark",League of Sharks CS:GO Championship,10/15/16,2489
Online,QuickShot Arena #25,10/5/16,2490
"Riga, Latvia",NEO CUP 2016,10/8/16,2491
Online,GameOn 2016 CS:GO Cup Qualifier,10/8/16,2492
,WESG 2016 Malaysia &amp; Indonesia,10/6/16,2493
Online,ECS Season 2 North America,10/6/16,2494
Online,ECS Season 2 Europe,10/9/16,2495
Warsaw,ESWC 2016 Poland,10/8/16,2496
"Johor Bahru, Malaysia",PGL Regional Minor Championship Asia - ELEAGUE Major 2017,10/28/16,2497
Online,ROG MASTERS 2016 Rest of Asia Qualifier,10/8/16,2498
Online,iGame.com Nordic Invitational,10/9/16,2499
,GG Cup Finals Barcelona Games World,10/9/16,2500
Vilnius,GameOn 2016,10/29/16,2501
,WESG 2016 Singapore,10/10/16,2502
,ESWC 2016 China Qualifier,10/12/16,2503
"Bucharest, Romania",PGL Regional Minor Championship Europe - ELEAGUE Major 2017,11/4/16,2504
Online (SEA),PGL eGG Minor SEA Qualifier,10/12/16,2505
,PGL eGG Minor East Asia Qualifier,10/14/16,2506
Online,QuickShot Arena #26,10/12/16,2507
Beijing,WCA World Contest Championship,10/13/16,2508
,WESG 2016 Thailand,10/12/16,2509
"Duisburg, Germany",ESL Meisterschaft Winter 2016 Finals,11/26/16,2511
,WESG 2016 Brazil,10/12/16,2512
,PGL eGG Minor China Qualifier,10/14/16,2513
,Liga PRO GamersClub - SET/16,10/13/16,2514
,WESG 2016 Japan,10/14/16,2515
,ROG MASTERS 2016 China Qualifier,10/14/16,2516
,PGL eGG Minor Oceania Qualifier,10/15/16,2517
Stockholm,Ownit CS:GO Challenge,10/15/16,2518
,Milan Games Week CSGO Final by Personal Gamer,10/16/16,2519
"Prague, Czech Republic",PLAYzone League II LAN Finals,10/15/16,2520
,PGL eGG Minor India &amp; Middle-East Qualifier,10/15/16,2521
,DreamHack ZOWIE Open Winter 2016 Open Qualifier,10/15/16,2522
,IGL Summer Lan Final,10/16/16,2523
Online,DreamHack ZOWIE Open Winter 2016 Closed Qualifier,10/16/16,2524
,WESG 2016 Korea,10/16/16,2525
Online,PGL Regional Minor Championship Europe - ELEAGUE Major 2017 - Qualifier 1,10/18/16,2526
Online,PGL Regional Minor Championship Europe - ELEAGUE Major 2017 - Qualifier 2,10/20/16,2527
,WCA 2016 China Qualifier 3,10/21/16,2528
,Dust2.dk eOddset #3,10/23/16,2529
,Call of the North Northern Arena Montreal Qualifier,10/24/16,2531
,ZOTAC World Cup,10/24/16,2532
,fpsGOD Super League #Winter,10/26/16,2533
"Paris, France",ESWC 2016 Female,10/29/16,2534
"St. Petersburg, Russia",StarLadder Regional Minor Championship CIS - ELEAGUE Major 2017,11/11/16,2535
,CyberGamer Pro League Season 9,10/23/16,2536
Online,QuickShot Arena #27,10/26/16,2537
"Burbank, California, USA",ESEA Season 23 Global Challenge,1/6/17,2538
,Copa GO4Gold #1,10/25/16,2539
Sao Paulo,ESL Brazil Premier League #2 Finals,10/29/16,2540
"Las Vegas, Nevada, USA",DreamHack Masters Las Vegas 2017,2/15/17,2541
Online,StarLadder Regional Minor Championship CIS - ELEAGUE Major 2017 - Open Qualifier,10/28/16,2542
,King of Nordic Season 5,1/20/17,2543
Online,StarLadder Regional Minor Championship CIS - ELEAGUE Major 2017 - Closed Qualifier,10/29/16,2544
,ROG MASTERS 2016 Last Chance Qualifier,10/30/16,2545
Online,VitalBet Balkan Pro League,11/1/16,2546
"Sofia, Bulgaria",VitalBet Balkan Pro League Finals,12/3/16,2547
"Helsinki, Finland",ASUS ROG GameXpo 2016,11/4/16,2548
Online,QuickShot Arena #28,11/2/16,2549
Online,Americas Minor - ELEAGUE Major 2017 - Open Qualifier 1,11/3/16,2550
,Americas Minor - ELEAGUE Major 2017 - Closed Qualifier,11/8/16,2551
"Brno, Czech Republic",Czech Championship 2016,11/4/16,2552
Asia-Pacific,ZEN Esports Network League Season 1,3/4/17,2553
Online,Liga PRO GamersClub - OCT/16,11/6/16,2554
"Atlanta, Georgia, USA",Americas Minor - ELEAGUE Major 2017,12/3/16,2555
Online,Americas Minor - ELEAGUE Major 2017 - Open Qualifier 2,11/7/16,2556
Online,QuickShot Arena #29,11/9/16,2558
,IGL 2016 - Grand Final,11/20/16,2559
,DreamHack Nordic Championship 2016 - Qualifier,11/10/16,2560
Jnkping,DreamHack Nordic Championship 2016,11/24/16,2561
Rosario,GTL Rosario 2016,11/12/16,2562
"Zagreb, Croatia",Reboot Esports Championship,11/12/16,2563
Changzhou,WESG 2016 World Finals,1/12/17,2564
"Lillestrm, Norway",Telenor League Winter 2016,11/12/16,2565
Leipzig,DreamHack ASTRO Open Leipzig 2017,1/13/17,2566
"Austin, Texas",DreamHack Open Austin 2017,4/28/17,2567
"Tours, France",DreamHack Open Tours 2017,5/6/17,2568
"Jnkping, Sweden",DreamHack Open Summer 2017,6/17/17,2569
,WCA 2016 Americas,11/13/16,2575
,Dust2.dk eOddset #4,11/18/16,2576
,ESEA Premier Season 23 Europe,11/17/16,2577
,ESEA Premier Season 23 North America,11/17/16,2578
,ESEA Premier Season 23 Oceania,11/17/16,2580
,ESEA Open Season 23 Asia,11/17/16,2581
Online,QuickShot Arena #30,11/16/16,2582
,ESEA Open Season 23 South Africa,11/17/16,2583
,ESEA Open Season 23 Brazil,11/17/16,2584
"Lisbon, Portugal",xfunction Champions Series 2016,11/18/16,2585
,DreamHack Masters Las Vegas 2017 India &amp; Middle East Qualifier,11/19/16,2586
,DreamHack Masters Las Vegas 2017 Oceania Qualifier,11/20/16,2587
,DreamHack Masters Las Vegas 2017 East Asia Qualifier,11/27/16,2588
,DreamHack Masters Las Vegas 2017 Asia Closed Qualifier,12/3/16,2589
,DreamHack Masters Las Vegas 2017 South East Asia Qualifier,11/27/16,2590
,DreamHack Masters Las Vegas 2017 China Qualifier,11/27/16,2591
Online,UK Masters Season 2,12/3/16,2592
"Birmingham, England",UK Masters Season 2 Finals,12/9/16,2593
,Tuddinn Winter 2016 LAN Finals,11/19/16,2594
"Stockholm, Sweden",Crownstudent CS:GO Challenge,11/19/16,2595
Online,Global Offensive Champions League Season 5,11/28/16,2596
,AnyKey Invitational 2016,11/19/16,2597
Elmia,ESU Razer CS:GO Ladies Tournament 2016,11/24/16,2598
Yinchuan,WCA 2016 Finals,12/9/16,2599
Online,QuickShot Arena #31,11/23/16,2600
"Belgrade, Serbia",ESL South East Europe Championship Season 4 Finals,11/26/16,2601
,SP Gaming Tournament #1,11/28/16,2602
Jnkping,DreamHack ZOWIE Open Winter 2016 BYOC,11/26/16,2603
,ESEA Open Season 23 Oceania,12/5/16,2604
So Paulo,XLG UOL Super Cup,12/1/16,2605
Online,AdriaMasters by PVPRO.com Online Qualifier,12/4/16,2607
Online,eSportsArcadeTV Cup,12/6/16,2608
Online,STARRYGAME CIS,1/8/17,2609
"Porto, Portugal",AlienTech CS:GO League Season II Finals,12/8/16,2610
Madrid,LVP Season 11 Division de Honor Finals,12/18/16,2611
"Belgrade, Serbia",AdriaMasters by PVPRO.com Finals,12/10/16,2612
Shenzhen,China Top 2016,12/16/16,2613
,ESL India Premiership 2016 Masters,12/11/16,2614
,CyberGamer Intermediate Season 9 Finals,12/10/16,2615
Online,BREKAN LatAm North League #1,12/8/16,2616
Online,99Damage League Season 4,12/12/16,2617
"Paris, France",ESL National Championship France Winter 2016,12/11/16,2618
Online,DreamHack Masters Las Vegas 2017 Europe Open Qualifier,12/10/16,2619
"Viljandi, Estonia",interLAN Vol. 6,12/11/16,2620
Montevideo,Game Smash Uruguay 2016,12/11/16,2621
Online,Liga PRO GamersClub - NOV/16,12/12/16,2622
Online,Dust2.dk Masters #1,12/15/16,2623
"Svitavy, Czech Republic",RoG Finals 11,12/17/16,2624
Australia,ZEN League Open Qualifier,12/15/16,2625
Madrid,ESL Major Winter 2016 Spain,12/20/16,2626
"Sydney, Australia",ZEN Esports Network Offline Qualifier,1/13/17,2627
,Hellcase Cup 1,12/22/16,2629
Online,HLTV Xmas Cup 2016,12/21/16,2630
,The Masters 2017 -  Amateurs,12/22/16,2631
,China-Korea e-Sports Competition,12/25/16,2632
,DreamHack Masters Las Vegas 2017 Europe Closed Qualifier,1/9/17,2633
"Burbank, California, USA",ESEA Premier Season 23 Europe Finals,1/5/17,2634
"Katowice, Poland",IEM Katowice 2017,3/1/17,2637
Online,ESL Pro League Season 5 Europe,2/7/17,2638
Online,ESL Pro League Season 5 North America,2/7/17,2639
"Burbank, California, USA",ESEA Premier Season 23 North America Finals,1/5/17,2640
"Los Angeles, California",cs_summit Spring 2017,4/20/17,2641
Stockholm,ASUS ROG Community Challenge Grand Finals,1/5/17,2642
,ESL Pro League Season 4 Europe Relegation,1/18/17,2643
,ESL Pro League Season 4 North America Relegation,1/17/17,2644
Online,Dolphin CS Shoot &apos;Em Up 2,1/11/17,2645
Online,Liga PRO GamersClub - DEC/16,1/9/17,2646
Australia,Acer CyberGamer Premier League Autumn 2017 FFYI Qualifier,1/11/17,2647
,DreamHack Masters Las Vegas 2017 North America Closed Qualifier,1/15/17,2648
Helsinki,Assembly Winter 2017,2/3/17,2649
Philadelphia,Fragadelphia 10,1/15/17,2650
Reykjavk,Tuddinn LAN 1 | 2017,1/15/17,2651
,SL i-League S3 China Wild Card Qualifier,1/22/17,2652
Online,IEM Katowice 2017 EU Open Qualifier 1,1/16/17,2653
,IEM Katowice 2017 EU Open Qualifier 2,2/1/17,2654
,IEM Katowice 2017 EU Closed Qualifier,2/4/17,2655
,IEM Katowice 2017 NA Open Qualifier,1/21/17,2656
,IEM Katowice 2017 NA Closed Qualifier,2/4/17,2657
Australia,Acer CyberGamer Premier League Autumn 2017,2/3/17,2658
Online,Hellcase Cup 2,2/6/17,2659
,SL i-League Season 3 China Qualifier,2/23/17,2660
South-East Asia,The Shootout Season 3,1/21/17,2661
Katowice,Intel Challenge Katowice 2017,3/2/17,2662
"Copenhagen, Denmark",Copenhagen Games 2017 Female,4/13/17,2663
,CEVO Main Season 11 Europe,1/25/17,2664
,CEVO Main Season 11 North America,1/25/17,2665
Online,Dust2.dk Masters #2,1/27/17,2666
Online,Hellcase Cup 2 Closed Qualifier,1/30/17,2667
East Asia,ZEN Esports Network East-Asia Qualifier,1/30/17,2669
Online,LOG Cup #1 2017,1/30/17,2670
,iGame.com Winter Invitational,1/30/17,2671
,ESEA Premier Season 24 Europe,2/5/17,2672
,ESEA Premier Season 24 North America,1/31/17,2673
Australia,ESL Australia &amp; NZ Championship Season 3,2/26/17,2674
"Copenhagen, Denmark",Copenhagen Games 2017 BYOC Qualifier,4/13/17,2675
Australia,ESL Australia &amp; NZ Championship Season 3 Closed Qualifier,2/17/17,2676
Moscow,F5 BIG LAN CUP,2/5/17,2677
Santa Ana,Esports Arena Showdown III,2/4/17,2678
Santa Ana,Esports Arena Showdown Championship ,5/5/17,2679
Santa Ana,Esports Arena Showdown IV,3/11/17,2680
Santa Ana,Esports Arena Showdown V,4/1/17,2681
Online,Liga PRO GamersClub - JAN/17,2/7/17,2682
"Kiev, Ukraine",SL i-League StarSeries Season 3 Finals,4/4/17,2683
,Binary Dragons Cup 3,2/9/17,2685
,King of Nordic Season 6,4/28/17,2686
Online,SL i-League Season 3 Europe Qualifier,2/10/17,2687
Online,SL i-League Season 3 North America Qualifier,2/13/17,2688
,Pasino Gaming Days 2017 by LanEx,2/12/17,2689
Online,ECS Season 3 EU Development League Open Qualifier #1,2/19/17,2690
Online,ECS Season 3 EU Development League Open Qualifier #2,2/26/17,2691
Online,ECS Season 3 NA Development League Open Qualifier #1,2/19/17,2692
Online,ECS Season 3 NA Development League Open Qualifier #2,2/26/17,2693
Online,Stream.me Gauntlet: CIS vs EU,2/21/17,2694
Kettering,epic20,2/19/17,2695
Asia,ZEN Esports Network Last Chance Qualifier,2/24/17,2696
Online,Dust2.dk eOddset Masters #7,2/22/17,2698
South-East Asia,BeyondGodlike CS:GO SEA Pro League,3/10/17,2699
Online,European Master Series 1,4/1/17,2700
,ENTiTY Winter LAN 2017,2/26/17,2701
Online,ECS Season 3 EU Development League,2/28/17,2702
Online,ECS Season 3 NA Development League,2/28/17,2703
,Mettlestate Exhibition Match,3/1/17,2704
"Johannesburg, South Africa",Mettlestate Galaxy CS:GO Championship 2017,5/5/17,2705
Tampere,LanTrek 2017,3/2/17,2706
Champagne-au-Mont-d&apos;Or,Epsilan 14,3/5/17,2707
Online,LOG Cup #2 2017,3/6/17,2708
, WPGI Womens Esports League,3/10/17,2709
Online,Binary Dragons Cup 4,3/6/17,2710
Online (Asia),Razer Rising Stars South-East Asian League,3/7/17,2711
Online,Liga PRO Alienware GamersClub #1,3/7/17,2712
"Sydney, Australia",IEM Sydney 2017,5/3/17,2713
Online,SP Gaming Tournament #2,3/15/17,2714
Online,eSportsArcadeTV Cup #2,3/9/17,2717
Sofia,Let&apos;s Play Spring,3/11/17,2718
Online,Stream.me Gauntlet: CIS vs EU #2,3/14/17,2719
"Bucharest, Romania",Europe Minor - PGL Major Krakow 2017,6/15/17,2723
,ECS Season 3 EU Promotion,3/26/17,2726
,ECS Season 3 NA Promotion,3/25/17,2727
Online,ECS Season 3 Europe,4/14/17,2728
Online,ECS Season 3 North America,4/14/17,2729
,Hellcase Cup 3 Closed Qualifier,3/22/17,2730
Online,Hellcase Cup 3,3/25/17,2731
,Binary Dragons csgopolygon Season 1,3/27/17,2732
,Binary Dragons Cup 5,3/19/17,2733
Leicester,ESL UK Premiership Spring 2017 Finals,3/18/17,2734
Online,DreamHack Open Austin 2017 Europe Open Qualifier,3/25/17,2735
Online,DreamHack Open Austin 2017 Europe Closed Qualifier,3/26/17,2736
Online,DreamHack Open Austin 2017 North America Open Qualifier,3/25/17,2737
Online,DreamHack Open Austin 2017 North America Closed Qualifier,3/26/17,2738
Belgrade,Serbian First League S2 LAN Finals,4/1/17,2739
,FPSThailand x SteelSeries Pro League,3/25/17,2740
Online,Legend Series #1,3/22/17,2741
Siek,Legend Series #1 Finals,4/1/17,2742
Online,DreamHack Open Tours 2017 Europe Open Qualifier,4/1/17,2743
Online,DreamHack Open Tours 2017 Europe Closed Qualifier,4/2/17,2744
Online,DreamHack Open Tours 2017 North America Open Qualifier,4/1/17,2745
Online,DreamHack Open Tours 2017 North America Closed Qualifier,4/2/17,2746
,IEM Sydney 2017 China and Mongolia Qualifier,3/25/17,2747
,ESEA Premier Season 24 Australia,4/4/17,2748
Leicester,ESEA Season 24 Global Challenge - MDL Global Finals,5/13/17,2749
,ESEA Open Season 24 Brazil,4/6/17,2750
Online,ESEA Open Season 24 South Africa,4/11/17,2751
,ESEA Open Season 24 Asia-Pacific,4/7/17,2752
"Copenhagen, Denmark",Copenhagen Games 2017,4/14/17,2753
,IEM Sydney 2017 ANZ Open Qualifier,3/25/17,2754
,IEM Sydney 2017 ANZ Closed Qualifier,3/31/17,2755
Online,Yoggi Yalla Cup 2017 - Qualifier 1,3/27/17,2756
Online,UK Masters Spring 2017,4/1/17,2758
"Birmingham, England",UK Masters Spring 2017 Finals,4/14/17,2759
Online,Liga PRO Alienware GamersClub #2,3/28/17,2760
,iBUYPOWER Invitational Spring 2017,4/1/17,2761
Online,Mega8 Autumn Cup 2017,3/31/17,2762
"Prague, Czech Republic",ROG COOL League Season 1 LAN Finals,4/1/17,2764
Adelaide,Acer CyberGamer Premier League Autumn 2017 Finals,4/8/17,2765
,WCA 2017 China Qualifier #1,4/10/17,2766
,Stream.me Gauntlet: CIS vs EU #3,4/5/17,2767
,Arab Gaming Championship,4/5/17,2768
Online,Operation: Kinguin #4,4/3/17,2769
Online,Yoggi Yalla Cup 2017 - Qualifier 2,4/3/17,2770
Online,Dust2.dk eOddset Masters #8,4/4/17,2771
Duisburg,ESL Meisterschaft Spring 2017 Finals,5/6/17,2772
Online,ESEA Open Season 24 Latin America,4/19/17,2773
Peine,Playing Ducks HomeMasters 2,5/20/17,2774
,CyberGamer Intermediate Season 10 Finals,4/9/17,2775
"Tel Aviv, Israel",Israel GAMEIN Championship,4/6/17,2776
"Wroclaw, Poland",GeForce Cup 2017,5/27/17,2777
Online,GeForce Cup 2017 Closed Qualifier,5/10/17,2778
Online,ESL Major League Spring 2017,4/18/17,2779
Online,LootBet Cup #1,4/10/17,2780
Online,Headshot Cup #1,4/8/17,2781
Online,ESEA Main Season 24 Europe,4/9/17,2782
Rio de Janeiro,Brasil Game Cup Rio 2017,4/9/17,2783
Online,Yoggi Yalla Cup 2017 - Qualifier 3,4/10/17,2784
Middle East,Asia Minor Middle East Qualifier - PGL Major Krakow 2017,4/22/17,2785
East-Asia,Asia Minor East Asia Qualifier - PGL Major Krakow 2017,4/21/17,2786
Online,Asia Minor SEA and India Qualifier - PGL Major Krakow 2017,4/24/17,2787
,Asia Minor Oceania Qualifier - PGL Major Krakow 2017,4/28/17,2788
Online,ESEA Main Season 24 North America,4/12/17,2789
Online,ESL One Cologne 2017 - Europe Qualifier 1,4/22/17,2790
Online,ESL One Cologne 2017 - Europe Qualifier 2,4/29/17,2791
Online,ESL One Cologne 2017 - Europe Closed Qualifier,5/20/17,2792
,ESL One Cologne 2017 - North America Qualifier 1,4/22/17,2793
Online,ESL One Cologne 2017 - North America Qualifier 2,4/29/17,2794
,ESL One Cologne 2017 - North America Closed Qualifier,5/20/17,2795
,ESL Pro League Season 5 Europe Relegation,5/16/17,2796
,ESL Pro League Season 5 North America Relegation,5/16/17,2797
Katowice,ESL Polish Championship 2017,4/29/17,2798
Online,German Clash Season 1 Finals,4/15/17,2799
"Copenhagen, Denmark",Danish Championship 2017,4/12/17,2800
Bucharest,HTC 2v2 Invitational by PGL,5/13/17,2801
Sydney,ESL Australia &amp; NZ Championship Season 3 Finals,5/20/17,2802
Online,SLTV ProSeries XVII,4/14/17,2803
Tallinn,TTU e-Sport Spring 2017,4/15/17,2804
Latin America,5K Maximum Level Season 1,4/18/17,2805
Online,Yoggi Yalla Cup 2017 - Qualifier 4,4/17/17,2806
Lisbon,4Gamers CS:GO Masters,5/6/17,2807
Kaunas,InfoShow Lan Party 2017,4/22/17,2808
Online,BETSCSGO CUP #1,4/19/17,2809
Online,Dust2.dk eOddset Masters #9 IWDK Edition,4/19/17,2810
Online,Hellcase Cup 4 Closed Qualifier,4/25/17,2812
Online,Hellcase Cup 4,5/1/17,2813
Online,Stream.me Gauntlet: CIS vs EU #4,4/20/17,2814
Online,CS:GO Super League 2017 - Spring Season,4/20/17,2815
Online,Over The Limits Cup #1,4/23/17,2816
Online,Europe Minor Qualifier 1 - PGL Major Krakow 2017,4/28/17,2818
Online,Europe Minor Qualifier 2 - PGL Major Krakow 2017,5/4/17,2819
Online,Europe Minor Qualifier 3 - PGL Major Krakow 2017,5/9/17,2820
Online,Europe Minor Qualifier 4 - PGL Major Krakow 2017,5/15/17,2821
Online (EU),Europe Minor Closed Qualifier - PGL Major Krakow 2017,5/18/17,2822
Braga,Minho Electronic Esports Cup,4/22/17,2823
rhus,Dust2.dk eOddset Masters #9 Finals,4/23/17,2824
Online,Douyu CS:GO Asia Invitational,4/24/17,2825
Online,Americas Minor South America Qualifier - PGL Major Krakow 2017,4/27/17,2826
,Americas Minor North America Qualifier - PGL Major Krakow 2017,5/5/17,2827
,Americas Minor North America Closed Qualifier - PGL Major Krakow 2017,5/13/17,2828
Online,Yoggi Yalla Cup 2017 - Qualifier 5,4/24/17,2829
Online,ArcaneBet Balkan ProLeague Season 2,4/26/17,2830
Online,Liga PRO Alienware GamersClub #3,4/25/17,2831
Online,The Adria Masters Season 1,4/27/17,2833
"Belgrade, Serbia",The Adria Masters Season 1 Finals,5/27/17,2834
Online,Binary Dragons csgopolygon Cup 6,4/26/17,2835
Online,Playing Ducks HomeMasters 2 Qualifier,4/30/17,2837
Prague,Tiger Masters Season 3 Qualification #1,4/29/17,2839
Online,UnderDogs #5,5/1/17,2840
Online,CEVO Main Season 12 North America,5/1/17,2841
Online,CEVO Main Season 12 Europe,5/1/17,2842
Online,ESL South East Europe Championship Season 5,5/4/17,2843
,Subaru Invitational 2017,5/13/17,2844
Bucharest,PC-COOLERS LEAGUE CS:GO,5/6/17,2845
Online (EU),King of Nordic Season 7,5/5/17,2846
Online,CIS Minor Qualifier - PGL Major Krakow 2017,5/14/17,2848
Online,CIS Minor Closed Qualifier - PGL Major Krakow 2017,5/16/17,2849
Online,Asia Minor China Qualifier - PGL Major Krakow 2017,5/12/17,2850
Online,Stream.me Gauntlet: CIS vs EU #5,5/9/17,2851
Online,99Damage League Season 5,5/11/17,2852
Online (EU),DolphinCS Shoot &apos;Em Up 3,5/12/17,2854
Online (Australia),AOC CyberGamer Premier League Winter 2017,5/14/17,2856
Stockholm,Yoggi Yalla Cup 2017 - Inferno Online Qualifier,5/13/17,2857
"Vilnius, Lithuania",Varle.lt Lithuanian eSports League 2017 Finals,5/20/17,2858
"Ballerup, Denmark",Cougar CS:GO Tournament LAN Final,5/18/17,2859
Online,ESL One Cologne 2017 - China Open Qualifier,5/23/17,2861
Online,DreamHack Open Summer 2017 Europe Open Qualifier,5/20/17,2862
Online,DreamHack Open Summer 2017 Europe Closed Qualifier,5/21/17,2863
,DreamHack Open Summer 2017 North America Open Qualifier,5/20/17,2864
,DreamHack Open Summer 2017 North America Closed Qualifier,5/21/17,2865
Online,Telenor League Spring 2017,5/20/17,2868
"Riga, Latvia",MSI GOEXANIMO #2,5/21/17,2869
Sweden,GAMERZ Season 1: Nordic Edition,5/21/17,2870
Online,Farmskins Championship #1 Closed Qualifier,5/23/17,2871
Online,Farmskins Championship #1,5/25/17,2872
"Beijing, China",CS:GO Super League 2017 - Spring Season Finals,5/27/17,2873
Online,Stream.me Gauntlet: CIS vs EU #6,5/23/17,2874
Online,Yoggi Yalla Cup 2017 - Qualifier 7,5/22/17,2875
Online,Liga PRO Alienware GamersClub #4,5/23/17,2877
Online,Dust2.dk eOddset Masters #10,5/23/17,2878
Online (EU),ESEA Premier Season 25 Europe,6/6/17,2879
Online (NA),ESEA Premier Season 25 North America,6/6/17,2880
Online (Asia),Infinite Challenge Cup Weekly #1,5/26/17,2882
Online,Global Offensive Champions League Season 6,5/25/17,2883
"Sydney, Australia",ZEN Esports Network League Season 1 Finals,6/17/17,2884
Uppsala,BirdieLAN 27,5/27/17,2885
"Moscow, Russia",Adrenaline Cyber League 2017,6/18/17,2889
Online (East Asia),DreamHack Masters Malm 2017 East Asia Open Qualifier,6/16/17,2907
Online (China),DreamHack Masters Malm 2017 China Open Qualifier,6/16/17,2908
Online (EU),Hellcase Cup 5,6/13/17,2916
"Prague, Czech Republic",Predator League 1 Finals,6/17/17,2919
Online (China),Infinite Challenge Cup Weekly #4,6/19/17,2922
Online (NA),CyberPowerPC Extreme Gaming Series Spring 2017,6/17/17,2923
"Jnkping, Sweden",ESU Masters 2017,6/17/17,2924
"Plovdiv, Bulgaria",e-Arena Plovdiv,6/17/17,2925
Online (South America),WCA 2017 South America Qualifier #1,6/17/17,2926
"Kettering, England, UK",epic21,6/18/17,2927
Online (China),WCA 2017 China Qualifier #2,6/19/17,2928
"Jnkping, Sweden",DreamHack Summer 2017 BYOC Free4all,6/19/17,2929Online (Australia),ESEA Premier Season 25 Australia,2017-06-04,2897
Online (Denmark),Dust2.dk eOddset Masters #11,2017-06-20,2931
Online (EU &amp; CIS),Stream.me Gauntlet: CIS vs EU #7,2017-06-20,2930
Online (Australia),ESEA Premier Season 25 Australia,2017-06-04,2897
"London, England, UK",ECS Season 3 Finals,2017-06-23,2763
"Teresina, Piau, Brazil",BSL Nordeste,2017-06-23,2959
Online (South East Asia),DreamHack Masters Malm 2017 Asia-Oceania Closed Qualifier,2017-06-23,2903
Online (CIS),Headshot Cup #3,2017-06-23,2957
"Reykjavik, Iceland",Tuddinn Spring 2017 LAN Finals,2017-06-23,2960
"Hamburg, Germany",Legend Series #2 Finals,2017-06-24,2890
"Athens, Greece",Hellenic CS:GO League Season 1 Finals,2017-06-24,2941
,DreamHack Open Valencia 2017 Europe Open Qualifier,2017-06-24,2944
"Amsterdam, Netherlands",ESL Benelux Summer Championship 2017 Finals,2017-06-24,2953
"Sofia, Bulgaria",ESL South East Europe Championship Season 5 Finals,2017-06-24,2917
Online,Liga PRO Alienware GamersClub JUN/17,2017-06-27,2965
"Madrid, Spain",ROG MASTERS 2017 Spain Open Qualifier,2017-06-25,2939
Online (Australia),ESL Australia &amp; NZ Championship Season 4 Closed Qualifier,2017-06-27,2952
Online (LatAm),AMD Red League LatAm North,2017-06-25,2855
Online (EU),CBE 2017 Europe Open Qualifier #1,2017-06-27,2963
Online,Nordic Championship Season 2,2017-06-26,2912
,ROG MASTERS 2017 Russia Qualifier,2017-06-26,2962
,DreamHack Open Valencia 2017 Europe Closed Qualifier,2017-06-25,2946
,DreamHack Open Valencia 2017 North America Open Qualifier,2017-06-24,2945
Online (EU &amp; CIS),Stream.me Gauntlet: CIS vs EU #8,2017-06-26,2961
,DreamHack Open Valencia 2017 North America Closed Qualifier,2017-06-25,2947
